お菓子･アイス･飲料･乳製品 など,レジャー･道の駅 など,日用品･ベビー用品･サービス など,糖質対策など健康を意識した商品,※レビュー5件以上が対象,香り：33.33 %,香り：27.27 %,香り：26.32 %,香り：25 %,香り：25 %,香り：100 %,香り：100 %,香り：100 %,香り：88.1 %,香り：83.33 %,香り：83.33 %,香り：77.94 %,香り：75 %,香り：69.23 %,香り：67.44 %,香り：66.67 %,香り：65.38 %,香り：64.15 %,香り：62.5 %,香り：57.14 %,香り：56.41 %,香り：55 %,香り：53.98 %,香り：52.17 %,香り：50 %,香り：41.67 %,香り：38.89 %,香り：37.5 %,香り：37.5 %,香り：35.19 %,香り：33.33 %,香り：27.27 %,香り：26.32 %,香り：25 %,香り：25 %,香り：100 %,香り：100 %,香り：100 %,香り：88.1 %,香り：83.33 %,※レビュー5件以上が対象※2023年4月19日以降のレビューが対象,コク：30.56 %,コク：25 %,コク：25 %,コク：16.67 %,コク：12.5 %,コク：94.87 %,コク：86.11 %,コク：84.62 %,コク：83.33 %,コク：80.43 %,コク：77.78 %,コク：75 %,コク：71.67 %,コク：62.5 %,コク：60.38 %,コク：55.56 %,コク：50 %,コク：50 %,コク：50 %,コク：50 %,コク：47.37 %,コク：46.15 %,コク：45.45 %,コク：44.19 %,コク：42.86 %,コク：41.67 %,コク：35.71 %,コク：35.29 %,コク：33.63 %,コク：33.33 %,コク：30.56 %,コク：25 %,コク：25 %,コク：16.67 %,コク：12.5 %,コク：94.87 %,コク：86.11 %,コク：84.62 %,コク：83.33 %,コク：80.43 %,※レビュー5件以上が対象※2023年4月19日以降のレビューが対象,キレ：20.93 %,キレ：16.67 %,キレ：12.5 %,キレ：0 %,キレ：0 %,キレ：73.68 %,キレ：63.64 %,キレ：61.67 %,キレ：52.83 %,キレ：50 %,キレ：47.83 %,キレ：46.15 %,キレ：46.15 %,キレ：45.83 %,キレ：44.44 %,キレ：37.17 %,キレ：33.33 %,キレ：30.56 %,キレ：29.63 %,キレ：28.57 %,キレ：27.78 %,キレ：27.5 %,キレ：25.64 %,キレ：25 %,キレ：25 %,キレ：25 %,キレ：25 %,キレ：25 %,キレ：23.81 %,キレ：22.22 %,キレ：20.93 %,キレ：16.67 %,キレ：12.5 %,キレ：0 %,キレ：0 %,キレ：73.68 %,キレ：63.64 %,キレ：61.67 %,キレ：52.83 %,キレ：50 %,※レビュー5件以上が対象※2023年4月19日以降のレビューが対象,のどごし：28.57 %,のどごし：25 %,のどごし：25 %,のどごし：16.67 %,のどごし：12.5 %,のどごし：73.33 %,のどごし：72.73 %,のどごし：69.44 %,のどごし：68.42 %,のどごし：66.67 %,のどごし：62.83 %,のどごし：62.5 %,のどごし：59.62 %,のどごし：58.33 %,のどごし：57.41 %,のどごし：56.6 %,のどごし：55.56 %,のどごし：55 %,のどごし：54.76 %,のどごし：53.85 %,のどごし：52.17 %,のどごし：50 %,のどごし：50 %,のどごし：44.44 %,のどごし：41.86 %,のどごし：41.67 %,のどごし：38.89 %,のどごし：38.24 %,のどごし：37.5 %,のどごし：33.33 %,のどごし：28.57 %,のどごし：25 %,のどごし：25 %,のどごし：16.67 %,のどごし：12.5 %,のどごし：73.33 %,のどごし：72.73 %,のどごし：69.44 %,のどごし：68.42 %,のどごし：66.67 %,※レビュー5件以上が対象※2023年4月19日以降のレビューが対象,コスパがいい：0 %,コスパがいい：0 %,コスパがいい：0 %,コスパがいい：0 %,コスパがいい：0 %,コスパがいい：37.5 %,コスパがいい：22.22 %,コスパがいい：18.18 %,コスパがいい：16.67 %,コスパがいい：14.29 %,コスパがいい：11.11 %,コスパがいい：8.33 %,コスパがいい：8.33 %,コスパがいい：8.33 %,コスパがいい：7.69 %,コスパがいい：5.77 %,コスパがいい：5.56 %,コスパがいい：5.31 %,コスパがいい：5.26 %,コスパがいい：5 %,コスパがいい：4.76 %,コスパがいい：2.94 %,コスパがいい：2.78 %,コスパがいい：2.5 %,コスパがいい：2.17 %,コスパがいい：1.89 %,コスパがいい：0 %,コスパがいい：0 %,コスパがいい：0 %,コスパがいい：0 %,コスパがいい：0 %,コスパがいい：0 %,コスパがいい：0 %,コスパがいい：0 %,コスパがいい：0 %,コスパがいい：37.5 %,コスパがいい：22.22 %,コスパがいい：18.18 %,コスパがいい：16.67 %,コスパがいい：14.29 %,※レビュー5件以上が対象※2023年4月19日以降のレビューが対象,リピートしたい：25 %,リピートしたい：25 %,リピートしたい：25 %,リピートしたい：21.25 %,リピートしたい：12.5 %,リピートしたい：66.67 %,リピートしたい：57.14 %,リピートしたい：50 %,リピートしたい：48.33 %,リピートしたい：47.62 %,リピートしたい：44.44 %,リピートしたい：43.48 %,リピートしたい：41.67 %,リピートしたい：41.59 %,リピートしたい：40.38 %,リピートしたい：40 %,リピートしたい：39.62 %,リピートしたい：38.89 %,リピートしたい：38.46 %,リピートしたい：38.46 %,リピートしたい：37.5 %,リピートしたい：37.5 %,リピートしたい：33.33 %,リピートしたい：33.33 %,リピートしたい：32.56 %,リピートしたい：31.58 %,リピートしたい：27.78 %,リピートしたい：27.78 %,リピートしたい：27.27 %,リピートしたい：26.47 %,リピートしたい：25 %,リピートしたい：25 %,リピートしたい：25 %,リピートしたい：21.25 %,リピートしたい：12.5 %,リピートしたい：66.67 %,リピートしたい：57.14 %,リピートしたい：50 %,リピートしたい：48.33 %,リピートしたい：47.62 %,※レビュー5件以上が対象※2023年4月19日以降のレビューが対象,発売日：2022.2　中旬,メーカー：アサヒビール,アルコール度数/カロリー（100mlあたり）：5.0%/42kcal,原材料：麦芽（外国製造又は国内製造（５％未満））、ホップ、米、コーン、スターチ,2022年2月中旬リニューアル,ドライだけど,ドライだけど飲み心地はこころなしかまろやかに感じ、飲みやすくていいですね。今の季節暑いのですぐぬるくなってしまうため、一気に飲み干してしまいます。,辛口の本格派ビール,辛口がたまらないビールの王様。コク、キレ全てが完璧であり、肉料理、刺身、刺しにも合うスペシャリストなビールです。これから、墨田川清涼祭り花火大会を観ながら飲むのに最高のビールです。,企業に伝えたいこと：※ログインするとレビューが見られます,購入場所：ローソン,ビールの王様,1番初めに飲んだビールがアサヒのスーパードライだった。それからずっと愛飲しており、飽きの来ないキレとコクがある。ビールと言えば、スーパードライと言う印象があり、飲食店などでもつい探してしまう。スーパードライをお風呂上がりに飲むのが贅沢になっている。,購入場所：コスモス,キリッと冴える銀色のビール,"夏が来るとビールを飲む頻度が上がる
汗をかき座り込むと缶を開けるあの音が聞きたくなる
まずは透明なグラスを選び、傾ける角度も楽しみ方の一つ
今日は上手くつげたと満足気に最初の一口が止まらない
ビールが得意でない自分は350mlを飲むのがやっとだったが今はどうだ
のキリッとした苦味のあるスーパードライを瓶で飲むことがこの年になっても憧れだ",企業に伝えたいこと：※ログインするとレビューが見られます,深みとコクがある,ずっと愛飲してるスーパードライは、ビールの深みとコクがあり濃い味わいです。軽くて薄い味というより華やかで飲みごたえがしっかりあります。満足感で癒されています。,夏に飲みたいこの一杯,年末にいただいたので久々に飲みました。飲んだときのキレの良さとビール独特の苦味、のど越しのよさがたまらないなと。これから夏に向けてガンガンに冷やして飲みたいな。,キレッキレ☆,"先日スーパーのビール売り場に行ったら、スーパードライのパッケージが新しくなっていることに気づいて、手にとってみました。

暑い日だったので、たまには辛口もいいなぁ、と思って購入。

久しぶりに飲んでみると、ハードな口当たりの辛口でキレッキレ！

昔は辛口苦手だったけど、美味しく飲めるようになってる。

年取ると味覚が変わるのかな。

また暑い日に買いに行こうっと。
",購入場所：マルエツ,ビールの王様,やはりビールと言えばアサヒスーパードライ。味、コク、切れ味、苦味どれをとってもナンバーワンだと思います。呑む都度テレビコマーシャルの『アサヒスーパードライ～』というナレーションがこだまします。,キレを味わうビール,"ビールの定番、ドライビールの定番スーパードライです。夏といえばこのビールです。
味は苦みがあり辛口です。後味がスッキリしているので1杯目におすすめです。
",新しくなって飲みやすい,"ビールと言えば、スーパードライ！！
昔はよく付き合いで飲んでいましたが、ちょっと辛すぎてあまり好きじゃなかった。。
久しぶりにコンビニで見てみたら、、ん？？
パッケージ変わったんですね！！
なんかオシャレ。
と思い、試しに購入。
相変わらずキレはありますが、味もやや柔らかく飲みやすくなった気がしますね。",購入場所：ローソン,味わい系に変化していた,"アサヒスーパードライ

「辛口」ビールの代名詞をもつアサヒスーパードライ。定番中の定番すぎて、普段はあまり飲まなくなっているのですが、実は缶の雰囲気がいつもと違っていて、スーパードライとは思わず買っていました。
久しぶりに飲んで、思ったよりやわらかい飲み口になっていると思いました。辛口でガツンとくるキレとのどごしが特徴のスーパードライだったのに？と、昔との違いに愕然！確かにいまはクラフトビール人気もあり、味わって飲めるビールが人気ですよね。どちらかというと味わい系のビールに変えてきているのかな？と思いました。
これはこれでおいしく飲めたのでよかったですが、スーパードライと思って飲んだら正直違うかもーと思ってしまいました。",春模様,定番のビールアサヒスーパードライ。汗をよくかいた仕事終わりの１杯目に飲みたくなる。のどごしとキレが最高です。春になるとこの桜模様のスーパードライを買うと四季を感じる。今年も花見しながら飲むぞ！！,購入場所：スーパーライフ,王道,Asahiと言えばSUPERDRYでしょう！王道ですよね。こちらのパッケージはラグビーオフィシャルなんです！この機会に開けて飲みましょうかね♪,すっきりキレがある,多くの人に愛されているアサヒスーパードライ。ちゃんと苦みもあって辛口で、飲みごたえがあります。それに、雑味がなくて、喉越しがよくて、グビグビ飲みたくなる味です。,辛口王道,王道かつ定番の昔からのロングセラーのビール。期間限定のビールが多数出ていますが、味にキレがあって、辛口のビールののどごしも良いので、間違いない味です。,購入場所：セブンイレブン,ビールの王道,"今ではビールも低アルコールが出る時代になりましたが、やはりお風呂上がりに飲みたいと思うのはアサヒのスーパードライですね！
苦さもちゃんとあり、飲みごたえ抜群のビールです",購入場所：トライアル,1杯目はスーパードライが最も好きです,普段から飲み慣れている一番好きなビールです。辛口でキレの良さがどんな食事にも合うと思っています。ただ、2杯目以降はコクや味わいのあるビールに変更することが多いのですが、1杯目の美味しさはダントツだと思います！,購入場所：ファミリーマート,王道,ビールといえばの王道の商品ですね。ビールの中でもキレがピカイチだと思います。個人的にはもう少しマイルドな感じが好きかなと思いますが、爽快感を求めるのには間違いないです。,辛口スッキリ,"「これぞビール！」といった、辛口でスッキリとしたひと口目を感じられます。
泡もきめ細かく、ゴクゴクと勢いよく飲んだ時の喉越しも抜群に良いです。
万人受けするビールなので、贈り物にもぴったり。",こんなのだったっけ？,貰い物で久しぶりにスーパードライを飲んだのですが、なんか思っていたのと違う気がしました。以前はもっとキレがありのどごしの良さも際立っていたような。,定番のビール,昔からある定番のビールですね。キレがあって本格的なビールだなと思います。ビールは滅多に飲まないのですが、友人との集まりで久しぶりに飲みました。クセがなく飲みやすく、食事にも合うと思います。,購入場所：まいばすけっと,飲みごたえ最高。,"毎週土日に必ず飲むもの😆
これが一番自分に合ってて大好きなビール。
のどごし、飲みごたえが最高👌
最初の1本、特に夏の暑い日には、ジュースのように飲める😆
美味しいとつくづく思う。",のどごしと辛さ,ごくごく飲むと辛さと苦さがカラカラの喉を潤します。最高級の辛口な大人のビールです。キンキンに冷えたグラスで飲むと美味しさが格段にアップします。やっぱり、スーパードライ。冬は、あつあつの鍋のお供にも最高です。,購入場所：セブンイレブン,鉄板商品です,"一番好みのビール商品です。
ビールに切れと濃くがあり、呑む
楽しみがあります。
値段が上がってしまいましたが、回数
を減らしても、銘柄変更はしない
つもりです。
応援しています。",購入場所：ザ　ビック,ビールといえば,スーパードライが、ビールのなかでは、いちばん美味しいです。苦味も強くなく、のど越しがよくて、飲みやすいです。どんな食事にも合います。家では、カロリーが気になるので、毎日は飲まないですが、味わいは大好きです。,本格派ビール,キレといい味といい強めの炭酸が爽快です。暑い日は焼肉と一緒にごくごく飲むのが最高です。炭酸が強めなので炭酸が苦手な方には苦みが強く感じるかもしれません。まろやかさはなくのどごしがいいので料理にも合わせやすいです。,10月から値下がり,ワールドラグビー1勝利、おめでとう。日本人の頭の良さが出た1勝でした。NHK プラスの副音声は、ルールの説明も、良く分かりやすく、展開の予想も、ピッタリでした。ビールを、飲み、ラグビーをみながらの食事は、幸せ寿命が延びました。,企業に伝えたいこと：※ログインするとレビューが見られます,購入場所：中元でもらったです。,辛口でキレがある！,昔からある、ビールの定番商品のひとつだなと思います。辛口でキレがあるビールで、塩辛いおつまみと一緒に飲むとぴったりです。,ザ！ビール！,"最近の若者や女性向けというよりも、アサヒスーパードライは中高年の男性向けのような商品だと思います。辛口でのどごしがよくて、ゴクゴク飲んでくぅー！！ってなります。
汗かいて草刈りしたあとに飲みたくなりました。
飲む直前に冷凍庫に入れてキンキンに冷やして飲むのが美味しいです。",定番,ビールといえば思い浮かぶ定番商品の一つだと思います。家族も好きな味で、喉越しがよくキレもあって本格的な味わいのビールです。,退会済ユーザーです,うまい,定番のビールです。キレとコクがあり美味しいです。飲むと気分がスカッとします。お風呂上がりにキンキンに冷えたスーパードライを飲むと最高に気分が良いです。あぁ、うまい！と声がでます。夏になると、とりあえず買っちゃいます。ロングセラーなのも納得です。,何と言っても喉越し,"麦芽やホップの芳醇な香りや味を楽しむ類のビールというよりは、喉越しの良さを楽しむビールと思います。ビール好きの間ではビールらしくない商品だ、と好みがわかれるかもしれません。
そういった意味では、スーパードライのネーミングはぴったりですが、今更語ることでもないですね。",やっぱりこれ,長年飲んでいます。他の種類の頂き物があって、久しぶりに飲みました。やっぱり一番自分に合っていて、美味しい。幸せな気分になります。,久々に飲んだが..,久々に購入しました。他の商品に飲み慣れているせいか、こんな味だったかな？って感じで美味しさを感じられなかったです。炭酸が喉にガツンときていたが今回はこなかったです。,購入場所：セブンイレブン,うまい,定番中の定番のアサヒスーパードライ。間違いない。キレ、コク、のどごしがすべて揃っているビールです。夏にみんなで飲みたい一本です。,辛口スッキリ！といえばこれ,"言わずもがな、日本で1番売れているビールとしてもうずっと有名ですね。
私もかれこれもう20年ほど飲んでいます。
ビール好きになったきっかけの商品でした。
やっぱりこのキリッとスッキリした飲みやすさが1番なんですよね。
後味もスッキリしていて、このクセのない辛口が、どんな料理とも合うんです。
白米とも、スイーツとも、こってり料理とも、本当に何でも合います。
ただお値段が高いのでマイナス0.5です。
毎日飲むビールは他で、こちらのスーパードライはイベント時や自分を労りたい日なんかに飲んでいる、特別なビールです。
ずっと変わらない味でいて欲しいです。",キレあり,スーパードライと言えば、キレのある喉に刺激がくる飲み心地が強い。鮮度にもこだわりがあり、いつ買っても美味しく飲める。加えて、苦みとのどごしも楽しめ、ビールの王道といった商品。,定番のビール,スーパードライは特に飲み口のキレがよく、暑い夏の夜にはこれを流し込むだけでQOLが爆上がりするのを感じます。ただ、メジャーなビールですが経験上この辛口が原因でビールをあまり飲まない方にはおすすめはしない方がいいと思いました。,辛口の本格派,"辛口の本格的な味で飲みごたえがあります。食事にも合うので、家にストックしています。
定番、安定の味なのでロングヒット商品であることも納得できます。",購入場所：スーパー,我が家の定番！,"最近、クラフトビールとか糖質オフビールとか、でてきてますが、我が家では、これが定番！！ビール飲んでるぞ！感がしっかりあって、後味もよくて箱買いしてます！
",キレとのどごし,アサヒスーパードライは、なんといっても飲んだときのキレとのどごしが最高のビールです。夏の暑い日などはスーパードライが大活躍します。揚げ物などとも良くあい食中酒としても良いです。,やっぱりこれが好き,新作も買うが、やっぱりアサヒスーパードライが好きだと実感している。定期的にキャンペーンをしているので、キャンペーンの商品目当てに買うことも多い。キャンペーンの当選品が実用的でよい。,のど越しの良いいい意味でビールらしくない美味しさです,福山雅治のｃｍで有名な、のど越しの良くキレのあるビールです。プレミアムモルツのコクと、スーパードライのキレのあるのどごしと飲み分けて楽しんでいます。あ～そうだ一番搾りも仲間に入れてやろう。,企業に伝えたいこと：※ログインするとレビューが見られます,購入場所：マルエツ,一番の定番,誰もが知っている一番有名なビールです。ビールの味はちょっと辛口で 喉越しが良くて晩御飯のおかずによく合います。困った時はこのビールに決まっています。,企業に伝えたいこと：※ログインするとレビューが見られます,購入場所：ドラッグストアコスモス,ドライ！！,"結構昔からビールの定番として我が家ではありました。
いつ飲んでもしっかりとしたキレとのどごしでやっぱり美味しいです。
パッケージもシンプルながらも高級感と安定感が感じられて素敵です。
これからもお世話になります。",購入場所：ローソン,すっきりして食事に合わせやすいビール,"昭和のドライビールブームでは他の大手ビールメーカーもドライをラインナップしていましたが、今までずっと主力商品として続けてきたアサヒの製品だけあって、安定した飲みやすさです。
特に食事のお供としての飲みやすさで、定番商品としての立ち位置を完全にものにしていると思います。
味はキレがあって、飲みやすく、後口さわやかといった感じです。特に夏の暑い日や、食事時に飲むことが多いです。",30年来飲んでて飽きない,一世を風靡するした若い頃から、美味しくいただいています。この、キレ、最高でしょう。毎日飲んで、ケース買いは当たり前、自動で届けてもらいたいくらいですね。,夏の定番,"暑い日にがぶがぶ飲みたくなる、のど越しの良いビール
夏の定番ですね
正直コクはそんなにないと思うけれど、これも美味しいです",購入場所：ローソン,やはりドライ,"スーパードライ　やはり美味しく無駄な味がありません
飲んでいて、さすがドライと思いグビグビ飲んでしまいます
いつでも誰とでもビールを楽しめる味
いつものように、みんなで飲みたいと思います",購入場所：スーパータイヨー,クセがなく飲みやすいです,ビールはあまり得意ではありませんが、こちらはのどごしがよく、クセがなくて飲みやすいです。そのまま飲むのはもちろん、トマトジュースやジンジャーエールで割って飲むのもお気に入りです。,キレが良い,来客用に購入しました。スーパードライはキレが良い！それに尽きます。そのお客さんもそれが気に入って、このビールとは長い付き合いだそうです。また癖が無いので、どんな料理にも合います。その分ついつい飲み過ぎてしまいますが。,No.1です。,さっぱりしておいしいです。なにもかも満点で私にとっては飲みやすいビールです。他のビールはくせがありからくて飲むことができません。暑い夏になるとまたおいしいでしょうね。プレゼントにもよくします。,我が家の定番ビール,"ビールが好きで夫婦で愛用しています。
ご飯にも合うし仕事の疲れを
吹き飛ばしてくれます。
炭酸も強くキレ味が美味しい。
家に必ずストックしています。
シーズンごとに色々出て飲む楽しみもありますが
定番は安定ではずせません。",購入場所：スギ薬局,キレ抜群,キレが抜群に良いビールだと思います。後味が苦すぎず口の中で引きづらないのも個人的には好みです。飲んだあとはスッキリ爽快気分を味わえます。,コクやキレがあります,夏に飲みたくなるビールが、冬も飲みたくなるのがアサヒのスーパードライです。喉ごしがよくまた飲みたくなります。晩酌のお供になくてはならないです。コクやキメの細かさもちょうどよくバランスがよいです。,定番の味,ビールの苦味とキレがあり喉越しが良いです。食事にもよく合い最高！飲んだ後はスカッとして美味しかったです。ビールといえばスーパードライというイメージ通り飲みごたえ抜群のビールです。,かーっと言ってしまう,"炭酸がとても強いので、喉越しとキレともにとてもよく、飲み終わった時にはカーーーーッ！！とついつい声に出してしまいます。笑
味もかなりさっぱり。ビール感強めです。
おすすめはお風呂上がりがピッタリだと思います！
ただし、私的に飲みすぎると炭酸が強すぎてゲップが出てしまうので程々にするのがおすすめです。",スーパードライが一番！！,"乾いた喉に一番だと思います！
香りもコクもキレものどごしも後味もスーパードライに勝てるものはないと思います。
辛口で一番おいしービールです。",購入場所：BIG,退会済ユーザーです,王道ビール,"ビールの王道アサヒスーパードライ。最近はさまざまなジャンルのビールが出てきて色々飲んでいますがたまにこれを飲むとやっぱり美味しいな〜と改めて感じます。ビールのキレ、コク、のどごし、香りすべてにおいて美味しいです。苦味もあって辛口なところも好きです。食事との相性も良くどんな料理に合わせてもGOOD。お風呂上がりや夏の暑い日に飲んでも最高です。
昔から変わらないこの美味しさ。長きに渡り多くの方に愛されているのも納得です。",定番でやっぱり美味しい,定番でやっぱり美味しいスーパードライ、喉越しが良くてスッキリした味わいで、ザ、ビールという感じで気に入っています。味わいがあって美味しいので気に入っています。,汗をかいた後に飲むと刺激的で美味しい,炭酸にキレがあってさっぱりする感じがします。味わいに深いコクはあまりないけど、ごくごくと喉ごしが爽やかで飲みやすいです。おつまに合うビールで、パッケージが印象的なので、思い出すとまた買いたくなります。,購入場所：ローソン,ビールといえば！,"ビールといえば絶対これ！他にも美味しいものたくさんあるけど結局これなんです。定番だけどビール界の至高。
のどごし◎、キレ◎、コク◎、ストレートに体の中に刺激が入ってくる感じがたまらないです。楽しい時も嬉しい時も悲しい時もイライラしてる時も、一人飲んでもみんなで飲んでも、どんな時でもおいしくて初心を思い出させてくれます。季節関係なく夏でも冬でもいつでもピッタリのビールってなかなかない。私の人生のお供です…！",購入場所：ウエルシア,辛口ビール,ビールの定番中の定番。新パッケージになってから、苦味が少し減って後味がマイルドになった分、一口目のキレが増したような気がします。定番商品であり万人受けするビールだと思います。,ビールの中のビール,のどごしのキレと圧倒的な苦味は、さすがビール業界トップをひた走っているのも頷ける最高のクオリティです。気軽に飲んでも、お歳暮などの贈り物にしても、全てに特化したビールの中のビールです。,アサヒのみ,"クリアアサヒとスーパードライ、アサヒのみの我が家ですが、スーパードライがあるとダンナも機嫌がよく、気持ちわかります〜
スーパードライが嫌いな人いるのか？などとお互いに話しながら飲んでます。テザインもシンプルだけどそれがまたカッコよくて、味に繋がってます。",ビールと言ったらコレ,"ビールって言ったらコレ、定番。
キレ、喉ごしって言ったらスーパードライって頭に浮かぶ。
どんな料理にも合うし好きなビールの一つです。
後味がスッキリしていていくらでも飲めちゃう！",購入場所：マックスバリュ,ビールと言えばスーパードライ,"世の中、ビールはたくさんありますが、私の中でビールと言えばやはりこの「アサヒスーパードライ」なんです。

どちらかというと甘いお酒の方が好きなのですが、ビールだけは別で、辛口でキレキレののど越しのこちらをいただくと「飲んだ〜！」と気分が一気に上がります。

冷蔵庫でキンキンに冷えたところをごくごくいく幸せの瞬間…！
1日の疲れがぶっ飛びますね。

美味しかったです。
ご馳走様でした。",何年経っても変わらない青春の味,学生の頃、ビールといったらスーパードライ。飽きるほど飲んだ記憶があります。それから幾年が過ぎて様々なビールも出てきたので、そっちに移ってしまったので、飲むのは久し振りです。けれども舌が覚えているんですね、コクや苦味はほどほどでキレと喉越しに振ったこのカンジ。変わっていないのはちょっと安心です。,購入場所：ローソン,キレがある,香りが良くキレがありのどごしが良かったです。雑味がなく後味がスッキリとしていてごくごく飲めました。辛口とのことで飲みにくい印象を持っていましたがとても美味しかったです。,爽快さを求める人のためのビール。,銀色を基調にした缶に惹かれて、ときどき購入します。コクや苦みなどを求めるのではなく、喉越しと爽快さを求める人にはとてもよいビールだと思います。最近は、苦さなどの「のみにくさ」を差別化して販売されているものもあるので、各々の好みによって評価は分かれると思います。,購入場所：京急ストア,アサヒ,"アサヒスーパードライはたまに購入します。ご褒美ビールとして。
しっかり冷やして、頂きます！

美味しい〜〜！
これ、アサヒスーパードライはこれこれ！
ビール好きな人なら好きです。
コクもあり、適度な苦味、辛口の味わい。何より喉ごしが良い！
もう、夏の定番。暑い日に冷たいスーパードライはご褒美です。

グビグビ、いっちゃいますね。

100ml当たり　42kcal",パーフェクトな味わい。,"私はお酒が飲めないので、お酒が大好きな主人の感想です。
香り・コク・キレ・後味・のど越し・味わい全てにおいてバランスが良くて、特にキレが素晴らしい。

1口1口に爽快感を感じ、お祭り・花火・キャンプ等を思い浮かべた時にやっぱりスーパードライを飲みたい！と強く思える安定の美味しさが有ります。",すっきりした味わい,とても飲みやすいビールです。あまり苦いビールが苦手な方にはよいかと思います。一方でビールのコクだとか味わいを求める人には少し物足りなさを感じるビールかと思います。辛口と記載されているものの、すっきりといった印象です。,購入場所：スーパー,キレがある！,いつも飲んでいる第三のビールと違いかなりのキレがあり、これぞビールという感じですね！喉越しもとても良くて病みつきになりそうです。キンキンに冷やして飲むといいかも。,キレがビールの中でも抜きん出ているスーパードライ,私の中でスーパードライといえばキレ。すっきりとしててビールの苦味も程よくあり、スッキリクールな気分になります。喉越しも良いです。リニューアルしてやや全体的に優しい味わいになった印象。それでもクールな爽快さは健在です。,購入場所：イオン,キレのある王道ビール,"いつもはスーパーのプライベートブランドのものを飲んでいるのですが、今回スーパードライがリニューアルしたということで久しぶりに購入しました。
キレがあり、のどごしが良く、ビールを飲んでいる！という感じでお風呂上がりの夕飯時にはぴったりですね。
やっぱり改めて飲むと人気なだけあって後味含め美味しいビールだなと感じました！
このパッケージがかっこよくて惹かれました。",さすが進化した王道!,あのスーパードライがリニューアルして、自分自身も飲んで新たな王道を体感したいと購入して飲んでみました。飲んだ感想としては、飲み進めるうちに、あの辛口な味わいがじわじわギューッと出てくるという感覚で、飲んで喉越しを味わう体験をまた再び訪れたい気持ちになりました。,購入場所：タウンプラザかねひで　パイプライン内間市場店,キレ味といえば、スーパードライ,"ビールにも色々と個性があるが、辛口、キレ味といえば、やはりスーパードライになる。

重々しさより、とにかく軽さというかスッキリ感があり、それがのどごしの良さに表れている。

ビールに限らず、アルコールに辛口とキレ、という概念や、日本酒にも見られるひとつのスタンダード化がみられるのは、このスーパードライの多大なる影響があるとも思うし、グーッと一気に飲み干すときの爽快感は得難いものがある。",購入場所：フレスコ,家族全員愛飲しています,家族も親戚一同もいつも定期的に飲んでいるビールです。それほど苦みがきつくないので20歳過ぎたばかりの飲酒初心者にもおすすめできるかなと個人的には思います。おつまみはスルメイカや唐揚げとの相性がいいです。,,36年目の新スーパードライ、買ってきました。飲んでいる時に丁度TVCMが流れていて、美味しさ倍増！ぐっと飲んだときのキレはやっぱりスーパードライが一番です。色々な種類のビールも飲みますがやはりスーパードライはビールの基本と言った感じです。,,ビールといえばやっぱりスーパードライです。これぞビールという苦味が仕事終わりの一日の疲れを癒やしてくれます。キレとのどごし抜群です。,,"ビールと言えばスーパードライですね。
ビールの苦味は抑えて、キリッとした喉ごしの良さは、どんな料理と合わせてもぴったりだと思いますが、揚げ物と一緒に飲むのが、一番美味しい飲み方だと思っています。",,安定のキレで両親ともどもよく買います。最初の一杯でごくごく飲めるのもありがたいですし、どんな料理と合わせても引き立つので助かります。昔、西宮の工場で飲んだ出来たてのスーパードライは本当に美味しかった。,,やはりキレがありますね！キリッとしていて飲みごたえがあって、飲んだ後にも旨味が口に残りほんとにおいしいなぁと余韻ひたってしまいます。今日は天ぷらと一緒にいただきましたが最高でした。,,今まで飲んだことがなく、CMが好きで購入しましたが、キレ味がとても気に入りました。20代の時はまだビールに慣れていなかったせいか、あまりドライ系は飲まなかったのですが、嗜好も変わりとても好きな味でした。グッとくる感じと後がスッキリしているところが良かったです。肉料理との相性も抜群でした。,,"私の家族も大好きなビールです。
キリッとした味わいで、仕事終わりや疲れた時の一杯に最高です。
乾いた喉を一気に潤し、刺激する感じがたまりません。
一度飲めば、お酒好きにはハマるビールではないかと思っています。
ぜひいかがでしょうか？",,辛口なので、私はもう少し控えめのが良いみたいです。乾いた喉には最高なんでしょうね。箱買いしている実家では「おいしい！」と言って飲んでいます。,,おつまみと一緒にビールを飲む自分にとって少し重い感じがあるがじっくりとビール主体で飲みたい時には最適なビールである　お腹が空いていなくてもごくごくと飲めるビールである,,炭酸が強すぎず、苦さもほどほどで後味が残りすぎることがありません。アルコールの強さも足に来るほどではないので、休日前の夜や休日の日中でもリフレッシュにいただいたり、ストレスの軽減でもさわやかにいただけます。,,"親戚が集まれば、スーパードライ派と黒ラベル派に分かれるのですが、スーパードライは黒ラベルの濃さに対して、辛口のキリッとした味わいが特徴的のビールのように思います。
クセの無い、辛口ではあるけれど、同時に爽快感も感じる、ビールの中でも定番のビールです。
",,ビールといえば、という感じです。最近はいろいろなビールがありますが、やはり、私達夫婦の定番ビールはこちらです。今までの人生の中でもう何ケース購入しているかわかりません。,,ビールは20年間これです。ビールを飲む時はスーパードライ一択。選択肢の中にスーパードライがあるのなら、他はできるなら選びたくないほど、いちばん好きなビールです。知らない人はいないビールの日本代表で海外でも評価されていますよね。スーパードライは名前の通り、ドライな味わいが魅力です。苦味があり強めの炭酸でキレがあります。冷たくキンキンに冷えたところを飲むのが最高においしい。飲むシーンを選ばないのもよいです。お風呂や軽くスポーツなどした後、食中、食後の晩酌、寝る前、いつでもOK。食事中は油ものやコッテリしたものとも相性がよく、すっきりします。飲み飽きることのないスーパードライ。これからもずっと飲み続けます。,,"ビールと言ったらこれでしょ、という感じで家族に買ってくるようお願いされます。
私は甘めのお酒が好きなのであまり飲みませんが、キレを求める家族にはこの辛口感がたまらないようです。",,久しぶりにいただいたので飲みました。しっかり苦味が効いていてコクのあるビールです。私はもう少し優しい苦味が好きなので少し苦味が強く感じましたが主人はおいしいとよく飲んでいました。,,アサヒスーパードライといえばこれ。苦味とキレは最高ですね。ちょっとしたご褒美に手が延びて買ってしまいますね。プレゼントにも良いと思います！また飲みたい！,,飲み口が鋭く、目の覚めるような爽快感が味わえます。休日の夕方は読書しながら庭先で楽しむのが、私の定番です。シャープな飲み口ですが、決して味が薄いというわけでなく、爽やか且つキレ・コクのある味わいで大好きです。,,"アサヒのスーパードライといえばビールの定番とも言える商品。キレがありビールならではの苦味もあって美味しいです。食事の後に飲むことが多いですね。
辛口なのもいいです。",,"定番のアサヒスーパードライ。普段も週に1回週末に飲むのが楽しみで購入します。(^^)
のどごしからキレなど凄く感じられて色んな料理に合いビールが進みます。
1番好きなビールなので絶対またリピートします(^^)",,キレのよさが特長である定番のビール。一仕事終わった後にグビッと飲むことですっきり爽やかな充実感を味わうことができます。後味もよく、飲み会には欠かせないです。,,"なんといってもキレの良いビールですよね。
ごくごく飲んで、そののど越しを楽しめる爽快感が１番の魅力のあるビールだと思います。
今回買って来た缶のデザインには東京オリンピックのロゴと文字が入っていました。

",,"たまにのご褒美ビールとして買ってみました。
冷蔵庫でキンキンに冷やしてから１日の終わりに飲むと疲れが癒やされます。
コク、キレ、のどごしがしっかり感じられて、やっぱり美味しかったです",,なんといってもキレがあって爽快感が強いのが特徴で飲みごたえは抜群です。ちゃんとしっかりコクもあってビールの味わいを感じられて飲み飽きない満足感のある味わいは総合的にバランスがとれています。味わって飲んでも良し、ごくごくとのどごしを味わっても良しのパーフェクトビールです。,,キレとのどごし、その２つが特に優れたビールだと思います。キンキンに冷して、熱さに疲れた体に入れると生き返ります。これのために１日頑張っているなと実感できます。毎日飲んでも魅力が落ちたことは一度もありません。,,春らしい限定パッケージが何とも楽しい気持ちにさせてくれます。私の中でビールといえばコレ。ごくごくと飲みやすく、のどごしも良いThe・ビール！という感じのお酒です。年配の方も若い方にも、万人受けしやすい間違いない味です。,,"現在ではいろんなバリエーションのスーパードライがありますが
ビールと言えばやっぱりコレです。
クセのない飲みやすさが万人受けする味わいです。",,"春限定のスペシャルパッケージに惹かれて久々に定番のこちらを購入。
あっさりスッキリとした飲みやすさは今も昔も変わらず。
それでいてのどごしやキレの良さもしっかり！美味しかったです。",,やっぱりビールでは一番好きですね～。ドライ感半端ないです。オリンピックオフィシャルビールって言うロゴがちょっと悲しく感じられます。今年は開催してもらいたいし、世界の選手の方にこの美味しいビールを知ってもらいたいです！,,"新発売した頃は邪道とも言われていた味ですが、いまやビールの代名詞のようなポジションになっているのはちょっと感慨深いです。
何度も飲んでいますが、味わいは考えようによっては無理やりのどごしを充実させたような作り物感がいまだにあるのは確かです。
ただ、それを上回るスッキリ感を感じるのでいまでも手放せないビール銘柄になっています。",,のどごしがよくごくごくと飲めます。この夏はたくさん飲みました。家族も好きなので今年の消費量も結構多かったと思います。スーパーなど行く先では必ず売っているのでいつでも買うことができてよいなと思います。,,"ビールが苦手だったのに夏に飲んだスーパードライが美味しくてそれからビールが大好きになりました。
あっさりスッキリとても飲みやすいビールだと思います。
のどごしも最高です！",,"ビールといったらやっぱりこの、アサヒスーパードライですっ‼︎キレといい、喉ごしといい、最高ですね♪
キレ味のイイ辛口のビールです！
喉ごしも良いのでごくごく飲めますよ。
家族で飲むので、いつも夕飯の家族の団らんには欠かせませんね。
飲む1時間程前に冷凍庫でキンキンに冷やして、凍る直前くらいに飲むとまた美味しいです！

",,味は比較的薄味ですが、キレがあり後味すっきりでゴクゴク飲めます。麦のおいしさはしっかりあるのに、すっきりしているのが長年の不思議です。私は普段はヱビス派ですが、暑い夏には時々爽快なこちらも飲んでいます。この夏もお世話になりました。来年もよろしくお願いします。,,ビールはその時々でいろんな種類を楽しむのですが、味わいは軽めでもキレがあってゴクゴク飲める感じはスーパードライが1番だと思います。屋外のスポーツあとにコンビニで購入。どこでも買えるのも良いですね。,,本当に飲みやすくて美味しいです。私は後味が苦いビールが苦手なので、その点スーパードライはすっきりとしていてとても気に入っています。のどごしやキレの良さは他のものでは味わえないし、食事ともとても合います。,,ビールと言えばアサヒスーパードライと言っても良いくらい、みんな知ってるし、定番ですね。久しぶりに飲んでみたけれど、う〜〜〜んっやっぱり美味しいかったぁ。飲みやすいし、のどごしも良くて、飲んだあとのスッキリ感もあってコクも感じつつ後味が良い。変なクセもまったくないビールだと個人的に思っています。クセがないって特に女子にはオススメな気がします。毎日飲みたくなるけれど、あとは本当にお財布と相談ですね。我が家の場合はですが。もし飲んだ事ない方いましたら、飲んでみて下さい。美味しいですよ。,,"もう王道ですよね…
キリン派とアサヒ派に分かれると思いますが、アサヒは優しく飲みやすいという感じですね
私はこの飲みやすさがすごく落ち着くし好きですね
ごくごく飲みたい方は是非飲んでみて
今は、色々なジャンルがありますが、やっぱりスーパードライは本当においしいです
",,"発売された当初から大ファンになりました。喉にとおるすきっとしたのどごし！苦味と辛さとこくが絶妙なバランスで、まさにスーパードライ！和、洋、中とどんな料理にも合います！
今回は2020オリンピック&パラリンピックのゴールドパートナービールとパッケージにあり、本来コロナ渦がなかったら今年オフィシャルビールということで大活躍しただろうなと思いながら、購入しました。
来年オリンピック&パラリンピックが開催されたら、世界の皆さんにこの美味しいビールを沢山飲んで欲しいです。
そして、がんばれ日本！！と乾杯出来ますように、今から楽しみにしています＼(^-^)／",,冷やして飲むと本当に美味しくてゴクゴク飲めます。これから夏本番なので、まさにぴったりなビールです。商品のCMが昔から流れているせいか、王道な感じすらしますね。個人的には、焼肉などと一緒に飲むのが最高に好きです。,退会済ユーザーです,,"今日は父の日、ということで子供達と買いに行きました。色々ビールがある中で、ビールと言えばこれでしょーと購入。普段は発泡酒を飲む主人は大喜びで昼間っから飲んでいました。『キレがいい！のどごしもいい！』そうです。
好物の鰹のたたきと共にうまい！いいねー！と、飲むは飲むは…
最後の一本はまたの楽しみに大事に取っておくそうで、五本を飲みきってました。",,いわゆるビールの定番商品だと思います。私も記憶に残る限り最初に飲んだビールがこれだったので、この味が基準となっている感じがします。ちゃんと冷やして飲むとちゃんとおいしいと言う感じのビールで、宴会等の最初の1杯はこれを楽しむ感じです。安心して楽しむことができる味と言えばこれかなと思います。,,定番商品で、ビールの味がしっかりして、普通においしいですし、後味も雑味が全くありません。ただ、普段新ジャンルを飲んでいるからなのか、スーパードライだからなのか、苦さが少し強い気がします。炭酸は強めなので、のど越しは爽快です。,,「辛口」を謳っているだけあって、キレがありのどごしの良いビールです。シルバーの缶のデザインも良く、都会的なおしゃれな感じがします。祭りやバス旅行など、皆がそろってビールは「スーパードライ」を指定するなど、日本国民に愛されるビールです。,,のどごしよく、キレもあり、後味が爽やかの、定番の一品です。キンキンに冷やして飲むと、最高の喉通りです。パッケージもおなじみで店頭でも見つけやすいです。,,春限定パッケージで可愛くて買ってしまいました。お酒は20歳になってから飲んで下さい。泡が程よく出きるのはいいです。冷えてるとおいしいです。スッキリしているのにキレがあっていいですね。辛くないので飲みやすかったです。麦の味が少しだけしました。炭酸が強いかなと感じました。おいしかったので安売りしてたらまた買います。飲んでみる価値はあります。,,ほどよい苦みと喉越しが良く爽快感があります。仕事後のビールは格別、後味もよくビールだけで飲み干してしまいます。もちろん料理にも合います。私の定番のビールです。,,"ドライのビールの大御所中の大御所（笑）アサヒスーパードライ様を久ぶりに飲みました。手ごろなビールや麦の香りや味わいが強めのビールや発泡酒を飲むことが多かったのですが、すこし暖かくなってきてスカッとした味わいのビールが飲みたくなって選びました。
きりっとした切れ味、後味は超爽快！他ではないドライさです。肴には焼き鳥や唐揚げなど鳥料理と合うと思っています。
脂っこい料理とも合いますが、味わいには癖がないので、キンと冷やしてそのままつまみなしでもゴクゴクと飲みやすいです。",,辛口で すっきりと飲むことができるビールです。苦みもしっかりあり、コクもあり、キレが良く、ビールと言えばこれ！という感じのビールです。喉が渇いた時やお風呂あがりにゴクゴク飲むと美味しいです。毎年 キレイな桜パッケージ缶（中身は同じです）が発売されますね。,,スーパードライの春バージョンのパッケージです。ピンク色がさくらの花をイメージしている色合いが目立っていて購入しました。ビールの味はいつものスーパードライのキレが抜群でした。美味しいですね。ドライは！！苦味があってキレのある辛口でスッキリとした後味です。ビールは苦味が大事です。苦味が強い方が好みですね。ビールの味わいのバランスの良いおいしさです。,,ＴＶＣＭでよく流れる、定番のビールです。一口飲んだ時に、苦い！　が、程よい苦さを残し、爽快感のあるのどごし。泡の量も多すぎず、少なすぎず。後味がすっきりしているところがイイですね♪ビール類が苦手な自分でも、サラッと飲めるような気がします。,,"生ビールの中でも一番好きです。喉越しがキューっとしてて喉越しがよく風味や後味がよく美味しいです。
どの料理にも合うので、あるだけでテンションの上がるビールです。",,"お正月用に購入した『アサヒ スーパードライ』
いろんな商品がありますが結局ビールといえばコレって人が多いんじゃないかな。
まぁ私はあまりビールが得意じゃないので飲むといっても乾杯程度しかいつも飲まないんですけどね。
キレが良く、苦味もしっかりあり辛口だと思います。
喉を駆け抜ける炭酸感は私にとってはピリピリ感じるくらい。
飲みごたえがありそして腹にたまる(笑)
ビールって他の炭酸系にはない質量を感じるんですよね。
後スーパードライは他に比べて泡が消えやすい気がするかな。",,"冬の楽しみと言えば鍋。
今日は博多から取り寄せたモツ鍋に、キンキンに冷えたスーパードライを頂きました。
ビール業界の中では定番中の定番。
昨今優れた商品が多いでしが、特にその中でもこちらは特にキレに特徴があり、炭酸が強め。
温かい部屋でも喉を潤すような爽やかな飲み応えがあります。
以前飲んだときは辛口のイメージがありあまり好みでは無かったのですが、マイルドで飲みやすくなったのかな？
それとも私がビールに慣れてきたのか？笑
どちらにしても爽快感のある味でとても美味しかったです。
お食事にもよく合います！",,仕事から帰ってよく飲みます。キレがあってコクもあり、喉越しも良くて美味しいです。疲れた体に染み込んでいいですね。癒されますね。,,"アサヒスーパードライはCMでよく流れているので
印象に残っています。
初めて飲んだビールがアサヒスーパードライ
でした。
季節関係なくいつでも飲みたくなります。
泡の量がちょうどよく苦味もちょうどよく
飲みやすいです。
他のビールを飲んでもアサヒスーパードライ
に戻ります。
飽きない味です。",,"スッキリとした喉ごしの飲みやすいビールです。
重すぎないので食事にも合わせやすいです。
キレのある辛口なので、飲むと爽快感がありすっきりします。
バーベキューの時なんかに飲むと最高なのではないでしょうか。",,ほどよいコクとさわやかなのどごし、スッキリした後味、さすがです。食事と一緒に飲んで美味しいのはもちろんですが、ビールだけで飲んでもおいしい。さすがです。,,バランスの良いビールだと思います。いろいろなバリエーションがあっても、やっぱり定番のスーパードライが一番落ち着くような気がします。夏でも冬でも一年中、飽きずに飲めるところがさすがだな、と思います。,,色々なビールを飲んでいますが、スーパードライはコクとキレが他のビールより良くて美味しいです。のどごしも良くて、後味もスッキリとしているのでゴクゴク飲めます。1番好きなビールです。,,主人がアサヒビールしか飲まないことから私もアサヒしか飲まなくなり特にいつも冷蔵庫にあるのはスーパードライです。主人が1番よく飲むビールを私も自然と好きになり今ではスーパードライの味になれてしまい他社のビールがあまり美味しく感じません。飲んだ時のキレと爽快感とコクと後味のよさ、夕飯の時にいつも飲んでいます。外食でも必ずスーパードライを選びます。,,"ビールと言えばアサヒスーパードライといっても過言ではないほどの定番の商品。
キレのあるビールで飲みやすく、多くの人に愛されるロングセラーで、キンキンに冷やしたスーパードライをキンキンに冷やしたグラスにあけて飲むのが至高です。
今回は手作りの焼き餃子をつまみに、至高のビールを贅沢にもいただきました。筆舌しがたいほどの最高の時間をすごせる一品です。",,味やキレの品質がとにかく良くて、1年中同じです。どんなシーンでも、楽しい時や疲れた時でもスーパードライを飲めば幸せになれます。飲み会でも１日の終わりでも、これさえあれば明日に向かって頑張れます。,,"スーパードライという名前がピッタリの辛口でキレがあるビールです。
夫が大好きでいつも買っています。
マイルドな味が好きな私にとってはちょっと刺激が強く感じますが
時々これが飲みたいと思う日もあり結構癖になる味だなと感じています。",,"私にとって、ビールはご褒美のような存在ですが、そんな特別な時に選ぶことが多いのが、スーパードライです。コクとキレがあり、疲れがとびます！
夫も大好きなビールです。
",,"ビールが飲みたくなると、アサヒのスーパードライがまず頭に浮かんできます。夏の暑い時期は特に！

コクとキレが他のものよりも段違いに感じて美味しいです。
ビールはこれじゃなきゃというファンも多いと思います。
",,キレがとてもよく、大好きです。夏にはこれ！という感じです。発泡酒のほうが安いのでそれを買うことが多いですが、たまに飲むとやっぱり違うなーと感じます。,,"ビールと言えばスーパードライといえるほどうちでは定番のビールです。
喉ごしとキレがよく、後味もスッキリとしていて美味しいです。
近所の夏祭りに持っていって、焼き鳥と共に飲みました。",,"定番中の大定番、アサヒスーパードライ。辛口でスカッとする味はスーパードライならではです。
どんな季節に飲んでも安定の美味しさです。しっかりしたのど越しがやみつきになります。",,日本を代表するビールブランド、アサヒスーパードライ。辛口のキレのあるビールが美味しいです。グラスを冷凍庫で、ビールを冷蔵庫でキンキンに冷やしてグビグビ飲むと仕事の疲れも吹き飛び、明日へのやる気もわいてきます。,,"アサヒスーパードライ！
やっぱりビールはこれですね！
大人になってからはビールはドライです。
発泡酒、第三のビールと次々と発売されましたが、麦や味わい、コク、キレなどすべて
スーパードライの方が美味しく、
キリンやエビスよりも飲みやすく感じます。",,"ビールといえば1番はやっぱりこれです！
苦味も強すぎず飲みやすくて夏の暑い日にキンキンに冷えたのを飲むと更に美味しいです。プレゼントしても喜ばれます。",,のどごしが良く キレがあって 男性に人気の定番ですね。暑い日、喉が渇いた時に この最初の一口を楽しみに食事の用意をします。今日は先ず冷や奴から。,,ビールの中で最も有名だと思います。味に癖がなく飲みやすかったです。また食事との相性も抜群です。コクと切れ味が癖になります。,,王道中の王道、ビールが飲みたいときはこれです。辛味と濃く、キレが一気に味わえ、口の中がきりっとする後味です。お風呂上がりに最高です。,,"ビールと言えばスーパードライが好きです。
外食でもスーパードライが置いてあると嬉しくなります。
辛口でキレがあって、それなのに飲みやすくて
パーフェクトです。",,"お酒が飲める方だったら必ず一度は飲んだことがあるのでは・・・
と思える定番ビールです

変な癖がなく辛口でサッパリ飲めます
後味の余韻などは逆にないタイプですが
キレがあってゴクゴク飲みたいビールです！

500㎖・350㎖ももちろん愛飲していますが
画像にアップした250㎖とかサイズ展開が豊富なのもうれしいです

お風呂上りにちょっと飲みたいときやランチビールを飲みたいときに
私にはちょうど良いサイズなので割高ですが購入しています",,ビールと言えばこれです。我が家の昔からの定番です。コクと喉ごしと苦味のバランスが良く、深みがあります。総合力が高い、高品質なビールです。,,辛口でキレがあるので辛口好きはとても良いです。美味しいですし喉越しも良かったです。普段は辛口飲まないのですがたまにはいいかもしれません。,,"よく購入する銘柄の一つです。
まぁ、いつ飲んでも間違いのない美味しさです。
やっぱり、食事に合うビールとなるとスーパードライです。",,"沢山プレミアムなビールが出ていながらも、時々はこちらを購入しています。
辛口なビールで、キレがあります。
これじゃなきゃいけない、という事はありませんがやはり定期的にはつい手が出てしまうビールです。",,"ビールの味を覚えてからずっとスーパードライ一筋です。キレがあって辛口でグイグイ飲めてしまいます。
どんな料理にも合いますがやっぱり唐揚げかなぁ〜！",,数ある缶ビールの中でも有名な方かと思います。あまり飲んだことはなくて久々に飲んだのですがコクよりはキレ、深い味わいよりはさわやかな後味という感じでした。期間限定でパッケージが桜になっていました。,退会済ユーザーです,,わが家は、いつも発泡酒を飲んでいます。でも、お客様が来た時はスーパードライを買っています。キレ、コク、飲みごたえはやっぱり最高です。,,"ビールといえばスーパードライですよね。澄み渡る辛口も瞬冷も大好きですが、もとよりこちらが無ければ始まりません。
鋭いキレとインパクトのある喉越し、雑味の少ない味わいは料理との相性抜群です。",,普段は第三のビールを飲んでいますが、今日は自分にご褒美を！と思う日に飲んでいます。コクがあり、苦味もしっかりと感じ、とても美味しいです。,,春限定スペシャルパッケージすごくよい。桜が素敵でとってもかわいい。スーパードライは飲みやすく、さっぱりとした飲み口。つまみは何にでもあう。家で常備しているビールです。,,夜の夕飯の時に旦那さんと飲むのが最高に幸せな瞬間。昔から慣れ親しんでいるビールです。工場見学にも行き、家での美味しい入れ方とビールが作られるまでこだわりなどを聞いてますます虜になりました。コクもほどよくあり切れ味もいい。後味さっぱり。くせがつよくないので飲みやすいです。ビールと言ったらという感じですね。,,とにかくガツンと飲みごたえがある。飲んだあとのキレ味も鋭いので、爽快感も味わえる。ビールを飲んでいるという満足感が他の商品とは違う。,,"キリッと辛口☆王道ビール

実家にいた頃から父が好きなビールなのでとても愛着がある商品です。
ひとくち飲むと豊かな香りとほろ苦い風味、辛口のしっかりとした味わいが感じられ、王道ビールだなと感じます。発泡酒も良いですが、やはりキリッとしたビール本来の旨味を味わえるので、ときどき利用したいと思います。",,コクとキレがありのどごしがよく、とても飲みやすいビールです。暑い日やお風呂上がりにキンキンに冷やして飲むとさらに美味しく感じます！,,"ビールの中でもかなり軽いものだと思います。
味は若干薄めな気はしますが、家庭で軽く飲むのであればこれで十分かなという気がします。
さっぱりとしたのど越しで、度数もそこまでないので軽く楽しめて良いと思います。",,"炭酸強めでキレがあり、ゴクゴク飲めます。
あまり苦くないのでビール初心者の方にもいいと思います。
食事やおつまみとも相性が良く一緒によく飲んでいます。",,ビールの中ではとてもキレがあり、のどごしが良いのでどんどん進む。苦味もちょうどよく、ビールが好きな人から初心者のかたまで楽しめると思います,,"週に１日、仕事が休みの前の日にご褒美として飲みます。
一気に疲れが吹き飛ぶ美味しさです。
喉越しの良さや、キレの良さも大満足なビールです。",,いつもはワンコインの第三ビールですが、たまには本物の味を忘れそうだったので、購入。やっぱりうまいです。苦みが本物です、きれもあり、量がどんどんいけますね。これは旨い！,,我が家では定番のビールです。キレ、のどごし共に満足ですし、程よい苦味がいいですね。あと味もスッキリとしていて、どんな料理とも合って美味しいです！,,ビールはコクがある方が好きなので、料理やつまみなしでこれだけで飲むとちょっと物足りない感じがします。キレがあつて麦芽の風味がしっかりしているので、夏の暑い時期や鍋料理、辛い料理と一緒だとかなり合うかなと思いました。,,"昔から愛飲していて、ビールの定番的な存在だと思っています。和・洋・中なんにでもマッチする辛口です。
週に一回は晩酌で楽しんでいます。",,"ビールといえば、コレ！！というくらい定番です。
普段は、価格を気にして、発泡酒や新ジャンルを飲んでいるのですが、たまには贅沢にビールを。そんな時、1番に飲みたくなるのが、スーパードライです。
程よいキレとすっきり感。あまり強過ぎない苦味。とても美味しいです。何と合わせても主役の食べ物を邪魔しないで合う、でもしっかりとビールそのものも楽しめる味です。また、クセがあまりないため、万人受けする味だと思います。",,辛口だけど飲みやすく、スッキリとのどごしと後味で、夏の暑い時やこってりと料理との相性抜群ですが、全体的に味わいがやや軽めな感じがします。,,ビールらしいこくや香りはなくて、飲みやすさと切れのスーパードライです。まあこれはこれで他のメーカーとは全く違う定番のビールなんですが。後味がいまいち好きになれません。,,ビールといえばスーパードライ。何度飲んでも飲み飽きない定番の商品です。キレがありさっぱりしていて安定の美味しさです。このビールを飲んでから、ビールの美味しさに目覚めました。,,ビールの中で一番好きな銘柄です。ビールがまだ苦手な私でもとても飲みやすくて、飲んだ瞬間に「おいしい！」って思える１本です。苦味も美味しく感じます。,,昔からファンのビール(^^)v色んな会社のビールを飲みましたが、これが１番スッキリ飲みごたえがあって「ビール！」という感じ。これからも飲み続けていくであろう私の中では王道のビールです。,,自分はビールといったらこのスーパードライを思い浮かべます。そのくらい慣れしたんだ商品です。とにかくこの商品はのどごし、コク、キレともに素晴らしいと思います。このまま変わらない味でいて欲しいです。,,苦味とキレが抜群です。炭酸も強めでガツンときます。お風呂上がりにキンキンに冷やしてゴクゴクと飲むのが爽快です。またギョウザなど油っこいお料理にも合い、スッキリします。,,苦いビールが苦手で、ビールは苦いものだと思っていましたが、アサヒのスーパードライを飲んでからは、ビールに対する苦手意識が消えました。凄く飲みやすくて気に入ってます。,,さすがロングランの製品、美味しいです。さっぱりとした喉ごしが、お風呂上がりの一杯にピッタリです。キレがあって飽きの来ない味です。,,キレがある後味ですっきり飲めるビールです。のどごしも良く飲みやすい。良く冷やして飲むと気分爽快です。万人ウケしやすいのでビール好きな来客用にも購入します。,,ビールといえばスーパードライというくらい有名なので、多くの方が飲んだことがあるはずです。辛口で飲みごたえがあります。最近は第三のビールが流行っていますが、今でも定期的に飲みたくなります。,,"他のビールと比べると、
辛口ですっきりな味わいなので
ごくごく飲めちゃうビールです。
スーパードライは、好きな人が
多いので、これからの季節
手土産で持って行くと喜ばれます。
時々、ホークス缶が発売されるので
楽しみです！",,冷蔵庫でキンキンに冷やしたものをお風呂上がりに飲むと最高です。ビール特有の苦味はありますが、キレがあり喉越しの良いところが美味しいです。,,ビールはにがくて飲みにくいイメージだったのですが、気が向いてこの商品をのんでみると、かおりがよくて、飲みやすいことにびっくりしました。程良い苦みで、のどを通るときのしゅわしゅわした感じも心地よい。普段ビールをあまり飲まないひとにもおすすめのビールかもしれません。,,普段は、コクのあるビールが好きなので、他銘柄ばかりを買っていますが、今日はキレのある味を味わいたいので、スーパードライを選びました。,,"お風呂上りにキリッと冷やしたところをいただきました。
カラリとしたキレのある、のど越し爽快なビールです。
普段、まろやかな味わいのビールを飲むことが多いですが、たまにはガツンとくるスーパードライも良いですね。

",,キレがあって後味スッキリで爽快感があります。まろやか過ぎず苦過ぎずで万人受けするビールだと思います。昔から親戚が集まる時は絶対スーパードライですね。若い人から年配の方までみんな好きです。,,"昔（30年以上前）はビールと言えばキリンビールでしたが、当時のキリンビールは苦いイメージしかなかったのですが、アサヒは軽快で後味すっきりの飲みやすい辛口のビールを出してきて、キリンビール打ち破っただけのことはあります。
今じゃキリンもエビスも黒ラベルもプレモルもどれも美味しいですけどね。",,キリッとした飲みごたえ誰が飲んでもおいしいと思えるビールです。夏場喉が乾いたときこちらを飲むと喉がスッキリ。みんなに愛されているといってよいビールです。みんなが集まる時は必ずみんなこちらを買って集まる　定番のビールになってます。,,定番のビールですね。ほどよい苦みがあって、ビールを飲んだという実感があります。しっかり冷やして、ゴクゴク一気に飲みたいです。,,カラッとしていてキレがあって、炭酸力がものすごく、喉元をすぱっといかれる感じです。暑い日、運動後、お風呂上がり…汗をかいたあとにはぴったりなビールだとおもいます。主婦の皆が寝た後のご褒美に。,,"最高に美味いビールですね。
ぐぐーっと一気に飲んで、のどごしを感じて、一口つまみをパクッと食べて、また飲む。ずっと続けていられます(笑)
",,のどごし、キレがよく、スタンダードな辛口ビールです。餃子や焼き鳥などいろんな料理に合います。ビールと言えばアサヒのスーパードライというくらい定番商品だと思います！,,"きりっとしたキレがしっかりあり、のどごしもよく爽快感はどのビールよりも感じられるように思います。
どの料理にも邪魔をせずに合うので、作る料理を選ばなくていいのは嬉しいです。",,最近は他の色んなビールを飲んでおり、久しぶりにアサヒスーパードライを飲みました。他のビールも美味しいのですが、このビールが一番好みだと改めて感じました。味や、キリっと感など最高です。美味しいの一言です。,,"言わずとしれた、トップシェアを誇るビールです
辛口で、すっきりした味わいは、どんなおつまみとも相性抜群です
夏は冷やして枝豆と一緒に、冬は、お鍋をつつきながらと、いつでも飲みたい飽きない美味しさです",,"昔からビールはスーパードライ派です。
嫌な味がしなくて辛口でおいしいです。
最近の第三のビール等も悪くはないと思いますが、やはり本物はコクやのどごしが違いますね。",退会済ユーザーです,,ビールといえばスーパードライです。キリッとキレがあり、ガツンとくるビールの味がとても美味しいです。いろいろな種類が出てるんですね。,,私の1番のお気に入り♡のどごしがよくドライです！父母も私の影響で長年飲んでたのから変えました。ほどよい苦味と癖のない後味。いろんなシリーズでますがやはりこれですね！,,もう、間違いない！キングオブビール！！パーティやバーベキューなど、人が集まる時には必ず購入します。味、喉越し、炭酸、切れ味、私はドライが好きなので、まさに特別なビールです！肉に魚に揚げ物にスナック菓子に、なんでも良く合います！,,我が家で一番なじみのあるビールといえばこれです。苦みが少なく、コクやのどごしがよく、一番飲みやすいビールだと思います。いい意味でクセがないので、万人受けがよく、自宅用以外にも贈り物としても購入することが多いです。,退会済ユーザーです,,ロングセラーのアサヒスーパードライ、やはり喉ごしとドライ感が夏にぴったりです。爽快なイメージのパッケージも好きです。ダイナミックな広告も印象的。,,スーパードライはお気に入りで飲みたくなって自販機に見掛けたら購入しました。旨みやコクしたりドライ感じられました。おつまみと一緒でいつも利用してます。スーパードライは欠かせます,,"キレとのどごしの良さは、やっぱりダントツです！
特に、夏になると食卓に上がる頻度がアップ。
ごくごく飲みやすく、乾杯1杯目にぴったりです。
500㎖タイプでも、飽きずに飲みほせる点もお気に入りです。",,苦みと酸味のバランスがよいビールです。のどごしがってもよくってすっきりとした飲み心地。これを飲んだらご機嫌になれるビールです。,,キレがあって、辛口で、飲んだ後の爽快感がとても良いです。夏の喉の渇きをうるおしてくれます。ごくごく飲めてしまって、あっという間に飲み干してしまいました。,,"久しぶりに飲みましたが、キレのある味わいで、夏に飲むのに最適ですね。苦味やコクはないですが、すっきりとしていて飲みやすかったです。
",,"いつもサッポロ黒ラベル派ですが、久しぶりに飲んでみました。
辛口でガツンと味が濃いんですが、あまりクセや香りがないので食事とも合う気がします。
私にはちょっと濃すぎて一本飲みきれない時も多々あります。
この商品に限らず夏場は外でビールが飲めて楽しいです。",,"キレがあり、辛口、スッキリとした味わいで、ビール飲みました感がとてもあります。贈答用のビールと言えば、アサヒスーパードライと言っても過言ではなく、我が家もよくお中元でいただきます。
我が家は、夏の週末の夜は、おつまみと一緒にこのビールを楽しみます。",,このアサヒ　スーパードライほど、口に含んだ時の味わい・・・人はこれをコクという・・・と快さ・・・人はこれをキレという・・・をとことん求めたビールを知らない。このビールが世に出たのは1987年。それまで私のビール歴は浮気三昧の日々。しかしこれと出会ってからは決して浮気せずに、以来今年で30年以上飲み続けている。30年も飲んだらいい加減飽きると思うのだが、このビールに関しては当てはまらない。市場調査を極限まで行った産物は強く凄い!　昨晩も飲んだがその都度新鮮さを感じるのが不思議だ。これが感性豊かな日本人に受けているワケかもしれない。　,,"最近は一番搾りがメインだったので、久しぶりのスーパードライです。
「辛口」「キレのある味」と言われますが、久しぶりに飲むと痛感しますね～
ガツンとくる味わい、効きます！(笑)
コクのあるまろやか系のビールも好きですが、たまにはこういうインパクトの強いビールも良いですね。
まさにのど越しの良いビールです。",,ビールの王道といえばアサヒさんのスーパードライ。喉越し良し、味良し、パッケージも良し！身内で集まって飲むときもいつもスーパードライはメンバー入りしてます。ビールの香りはもちろんですが、私はやっぱり喉越しが好きです。辛口なので思わず「くぅ〜」なんて声が出てしまいます（笑）クリアな味のビールの中ではダントツ評価できますね(^^),,"アサヒスーパードライはビールの中で一番お気に入りです。キレのあるビールでとても飲みやすくのどごしが良く何度飲んでも飲み飽きません。暑い時期には冷蔵庫でキーンと冷やして，グラスで飲むのが好きです。夏には欠かせない一品で飲みたくなります。箱買いしてストックしてます。
",,"昔からの王道のビールですね。
初めてビールを飲むときに勧められました。
辛口でキレがありおいしいです。
ついつい手頃な発泡酒などを買ってしまいますが、特別な時にはスーパードライを選びます！
",,"暑い日にグイッと飲むのに適していると思います。
味わいが軽めなので、たくさん飲めます。
若い方やたくさん飲みたい方にオススメのビールです。",,"多分人生で一番最初に飲んだ生ビールで、餃子を食べていた時に父親に勧められた思い出が蘇ります。その時は苦くて飲めないと思っていましたが、外食などで飲む機会が増えて、いつの間にか味が濃いものとよく合うハズレのないビールといえばスーパードライだと思うようになりました。

キリッと辛口なところも好きです。野外のライブの時にもスカッとすることが出来るので、注文をすることが多いです。男性っぽい缶のデザインはシンプルでカッコ良いですが、女性だと外で飲む時に少し恥ずかしくなるので、紙コップに移しています。限定パッケージのようなおしゃれなものと選べると嬉しいですね。",,ビールといえばスーパードライですね。喉ごしの良さは一番だと思います。コクと旨味の美味しさも昔ながらの味わいで、ビール好きな方は大好きな味だと思います。,,ビールといったらスーパードライです。飲んだ時の少し辛口な所も好きです。後味もスッキリしているので飲みやすいビールです。定番中の定番って感じです。,,パッケージは男性向けのようなパッケージですが、実は女性ファンも多いと思います。私は職場の女性から、飲みやすいからいいよ、とオススメされました。どっしり重たい感じではなく、のどごしがよく、キレがあるので、スッキリ飲めます。女性にもオススメです。,,まさにドライな飲み口です。コクとキレがあります。でも、のどごしが良くて美味しくいただけます。爽やかな風味ですね。ビールなので、発泡酒慣れしてると高く感じますが、たまには一番好きなものを飲もうという時に出番です。,,パッケージが春限定だったので購入しました。おなじみの辛口ビールです。とにかくのどごしの良さが最高です。暑くなってきた時に、一番飲むのがこのビールです。,,ビールと言ったらアサヒスーパードライと言うくらい定番だと思います。春に桜のパッケージが売られていました。季節感が味わえて良いですね。味はキレがあり、喉ごしも良く爽快感を味わえます。,,このビールを説明するときに一番しっくりくるのはキレのあるビールというぐらいキレがあります。また味のバランスもよく何度飲んでも飲み飽きません。喉越しもよく、週末のご褒美として最高です。,,ビールといえば、これ！というほど、定番の商品。辛口、キレがあり、コクもある。風呂上がりに最高の一杯。シルバーの缶が、またいい味だしてます。,,一番好きなビールです。スーパードライの名の通り、余計な味はせず喉越し爽快。スーパードライという名前がピッタリ。常にストックしています。,,キレのあるビールが好きで良く飲みます。喉越しも良く、ほどよい苦味と爽快感があり、風呂上がりに飲むと最高に美味しいと思える1本です！,,スーパードライといえば飲んだときのキレと独特の渋みで味が濃く、ガツンときます。プハー！とすっきり飲みたいときにドライは良いですね。何人かで集まった時もドライは喜ばれることが多く選んでおきたい一本です。飲みごたえがあり、酔いがまわるのも早いような気がします。,退会済ユーザーです,,"ビールといえば、やっぱりこれ！夫も父も大好きで、我が家の定番です。
ガツンとくる苦味がたまらなく美味しく、くせになります。喉越しもよく、贅沢感があります。",,ビールなので味が濃く感じますが、それでいてサッパリとした飲みやすさがあって誰でも外れなく飲める、ビールの王道だと思います。,,衝撃的な登場からずっとNo.1をキープし続けるド定番のビール! ビールの常識を変えた辛口とキレのある後味がたまらなく美味しい、外せない一品です!?,,昔から一番好きなビールです。最近は安いビールが出てきましたので、年金暮らしには少し高いと思いますが風呂上りに飲むにはこれが最高です。やはりのど越し、コクは最高です。,,キレのあるビールといえばアサヒスーパードライですね。喉越し良く、コク、キレ言う事ないです。毎日の楽しみでもあるので欠かせません。,,"疲れた時はもっぱら飲みたくなります。一気にゴクゴクっといくと幸せの極みですね。生きててよかった。
甘みの少ない、キレのあるお味で最初の一杯はこれに尽きます。かといって厳しいわけではなく、まったりとした布団のような土台もあり、後味は優しくまとまっています。そっと受け止めてくれるような…。そういった安定感もありいつでも安心してぐびぐびいけるのです。
パッケージも飾らないもので元祖ビール！的な雰囲気が出ていていいですね。好き。華やかなのもいいけど、いつでも変わらずそこにいてくれる存在。好き。",,"ご存じ、アサヒのスーパードライです。
気分を高めるために、専用グラス使用です（笑）。
キレがあって、のどごしの良いのが、お気に入りのポイントです。",,本当にコクがあるのに、キレがあるビールです。苦味があり、爽快感は抜群です。第三のビールや発泡酒では太刀打ちできません。まさしくスーパードライですね。,,"一番よく飲むビールです。のどごし後味ともにスッキリしていて、いくらでも飲めそうで危険です（笑）

価格も手頃だしだいたいどのお店にもあるので、ついつい手に取る商品です。",退会済ユーザーです,,"アサヒ
スーパードライをいただきました。

やはり
生ビールは最高です〜〜。

コクとキレと
辛味もシャープで飲みごたえがあります。

あまりビールは普段から飲まないのですが
買うとしたら
スーパードライを買ってきます。

混じり気のない味が好きです。
",,第3のビールとの違いをひしひしと感じます。コクと香り、やはり美味い！辛口ですが、そののどごしの良さと爽快さで全体的にちょうど良い感じになってます。暑い夏に飲みたいビールです。,,スーパードライは、辛口でキレがあるので、満足感の味わえるビールだと思います。麦のコクが感じられて、強い喉への刺激が楽しめます。,,"いつも発泡酒ばかりですが、久々にスーパードライを飲むとキレが違いますね。よく飲んでいるせいかそれほど強いとも感じなく女性でも飲みやすいです。また、発泡酒よりも悪酔いしないと感じます。
",,"今いろいろビールの飲み比べを楽しんでいるのですか笑
暑い時期はこれが1番おいしく感じました。
キレがあって苦味もあり、キンキンに冷やすのがこのビールの楽しみ方ですね。",,ビールの中で、一番好きです。このビールが発売されてから、ビールの銘柄を選ぶシーンでは、アサヒスーパードライと言っています。キレがいいと思います。,,ビールと言えばやっぱりアサヒのスーパードライと言う人が多いと思います。キレ、喉越しは最高に良く、辛口な感じがとても良いです。,退会済ユーザーです,,"のどごしとキレが最高です！
大好きなビールの一つです。今は発泡酒が主ですが、やっぱり飲みたくなるビールです。
特に暑い夏は、ついつい手が出てしまいます^^
さすが、ロングセラー商品ですね。
",,コク、キレがあり、しっかりとした飲みごたえがある定番のビールという感じです。特別香りや苦みが強いというわけではなく、クセなく飲めると思います。,,夏向きのビール。良く冷やして飲むとキレを感じるが、冷えてないとちょっと飲めたものではないですね。味よりも刺激を楽しむビール。,,２０歳なりたてのころは、あまりにも辛くて苦くて、全然飲めなかったこの商品。だんだん慣れてきて、キンキンに冷やすとのどごしがよく、とても美味しく飲めるようになりました。ガツンと喉に来る感じがいいですね。,退会済ユーザーです,,"やっぱりこのビールが一番好きです！キレ 、のどごし、コク、後味最高です。コップもキンキンに冷やして飲みます。食前や食事しながらでも美味しく飲めます！
",,"久しぶりにスーパードライを飲みました。さすがに王道のビールだけあって美味しいです。ゴクゴク飲むことでは爽快さとキレがあり、じっくり味わう飲み方でもビール本来の美味しさが広がります。とても美味しいです。
",,"辛口で爽快なのどごしを味わうことができるビールといえば
スーパードライ！定番中の定番のイメージがあり
数あるビールの中でもなくてはならない存在です。

香りは弱めですが、クリアですっきり爽快な味わいは
何度飲んでも飽きることがなくて美味しいです。
暑い時期は美味しさも飲む量もUP♪
ビールもグラスもしっかり冷やして楽しみます。
",,コクがあるのにキレがあるというコピー通り美味しいです。単体でもゴクゴク飲めますし、どんなジャンルの料理にもよく合います。,,麦芽100％派なのですが、暑い中働いた後、ガバガバ飲めるビールが飲みたくて初めて飲みました！爽快感で一気に飲み干せました,,"昨日、父と乾杯しました。
スーパードライは、少し値段が高いな。という印象が強いビールです。もう少し安くなればありがたいのが本音…。
ただ、やっぱ高いだけあって、味はうまい！コクとキレが抜群。のどごしがよく、飲みごたえ最高！",,キレがあってのどごしがよく飲みやすいビールですね。ピザや餃子をおつまみにして飲むことが多いですが何にでも合う美味しさだと思います。,,ビールといえばアサヒスーパードライが出てくるようなほど定番で、CMでもあるような爽快感があります。とりあえず生が飲みたいときにぴったりなドライさで気に入ってます。,,"普段はビールを飲まないのですが、汗をかくような時期はやはり飲みたくなります。
今ではビール系の種類が沢山あり、どれを選んでいいか本当に迷います。しかし、このスーパードライは定番と言う事もあってハズレません。
のどが渇いてゴクゴク飲みたい時はコレかもね！！",,キレがよく飲むとスカッとします。ビールが少し苦手なのですが、苦味が少なく後味も爽やかなように感じ飲みやすいなぁという印象でした。,,"ビールといえばスーパードライ！
さすが定番だけあって美味しいです

のどごしがよくてキレのある味
食事などにもあうと思います
",,"ビールと言えばアサヒ　スーパードライという位、私の中ではベスト3に入るほど好きなビールです。
大人になって初めてのんだビールがこのスーパードライだったということも、印象深く残っています。
自分が大人になったと思えた瞬間の記憶というのはずっと残っているのだなぁと改めて思います。
程良い苦みとコク、キレもあって、飲みやすいビールです。
ビールの価格が上がってから飲む頻度が減ってしまいましたが、いつまでも思い出のビールとして、楽しみながら飲みたい一品です。
冷蔵庫に常に2本は常備しています。",,"ビールの中でも一番こちらのスーパードライが飲みやすくて好みの味です。
苦みが少ないのですっきり飲めて後味がいいです。
これから暑くなる季節、ふろ上がりに最高なビールです。",,ビールと言えばスーパードライですね。家飲みやバーベキューなどでビールの銘柄にまよったらこれを買っておけば間違いないです。定番だけど１番おいしいです。喉越しと後味がすっきりしていて大好きです。,,他のビールに比べて、炭酸が多く苦みが少なく味が淡泊だと感じました。とても口当たりがよく飲みやすいです。缶に辛口と書いてありますが、正直わかりません。,,"普段は第3のビールばかりなのですが、飲み比べるとはっきりと良さが分かります。
さわやかでフルーティな香りとキレが抜群にいいです。
コクはあまりなくさらっとした味わいですが、その分飲みやすくいくらでも飲めてしまいます。",,"人気なだけあり、間違いのない味です。のどごしが良く、爽やかなキレがあります。
そのため、個人的には夏の暑い日に外で飲むのに1番合うビールだと思います。",,"爽快なキレ味のアサヒの定番ビール。
のどごしとキレ味では、ビールの中では一番だと感じます。特に夏の暑い日には飲みたいビールです。",,"定番のビール。
アサヒの主力製品だそうです。
一番お酒に強かった時はよく飲んでいましたしが、出産して久しぶりに以前よく飲んでいたからと買って飲んでみると、辛口でキレがよすぎて何口かで主人にあげてしまいました。
でも暑くなってからもう一度飲んでみたいです。",,ビールは最近たくさんの種類が出ていますが、ロングセラーであるこの商品はそれなりに愛される理由があるようです。喉ごしがすっきりしていて、にが過ぎず、とても飲みやすいです。これからも食卓に並びそうです。,,ビールを飲みたくなるとスーパードライを購入します。コクのある味とキレのある喉越しがたまりません。ビールを味わっていると実感できてお気に入りです。,,友人から頂いたので何年かぶりに飲みました！ビールはキリン派なので、スーパードライは全くと言っていいほど自分では買うことはないです。のどごしとキレは良いですが…やっぱりコクは～一番搾りかなぁ…,,15年くらい前から飲んでいます。どのお店にも必ず大量においてあるので品切はありえないです。切れがありのど越し最高なので飽きがこないのでこれからも好きです,,昔からの定番商品であるから迷ったときには必ず手がのびてしまう。後味も切れがあって特に夏の暑いときの乾杯の一口が最高ですか,,10年来のスーパードライファンであるため購入。なんといってもキレ味抜群、クセのない飲み口でグビグビと飲めます。商品価格としても適切な価格です。,,"どんな新しいビールが次々現れても、決して動じない、そんな堂々たる存在のスーパードライ。
味も缶のデザインもシンプルながら洗練されてて、キレがありますよね。
辛口だからどんな料理にも合うし、雑味のない苦い後味がこれぞビール！っていう感じがします。
いろいろ浮気してもやっぱりこれに戻ってくる。
贈り物でビールを選ぶときもだいたいコレ。間違いないです。



",,"アサヒスーパードライはのどごしとキレがピカイチですね！発売当初から飲んでいます。

真夏にゴクゴクのどをならしながら飲むのが最高です！

とは言え冬でもこたつに入って鍋をつつきながらゴクゴク飲むのも最高なんですけど！",,"きりっとした辛口の飲みごたえです。喉越しはとても爽快です。
後味もすっきりしていておいしいですが、ビールらしいおいしさはちょっと物足りないような気も。
まあ、そのへんはビールに何を求めるかによって評価が異なるんでしょうけどね。",,私の中で、ビールと言ったらまずはアサヒスーパードライです。はじめて美味しいと思ったビールです。普段は発泡酒や第３のビールを買うことが多いでですが、たまにはビールをって時は新商品がどんどん出るので試して見たくなりますが、間違いない定番です。ビールって美味しいなと思えるビールです。,,どんな料理にも合うと思います。頻繁に買っています。特に苦みなどは感じないと思います。レッドアイにして飲むことが多いのですが、合う飲み方だと思っています。,,最近はいろいろなメーカのビール・発泡酒等が出ていて味わってますがやっぱりキリンラガーとスーパードライですね。コク・キレ・のどこし・苦みが抜群ですね。プレミアム等のワンランク上のビールは甘みがあって高級感がありますが・・・スーパードライのキレがのどこし時に刺激があって大好きです。みんなでするバーベキューはこれがないと始まらないです。,,久しぶりに飲みました。お風呂上りに最高でした。きりっとした味わいでのどごしもよく、改めておいしいビールだなと思いました。くせがなく何にでもあう万能選手ですね。,,普段買うビールの中でも、かなりお気に入りのビールです。ドライタイプの先駆け的存在ですが、辛口でキレがあり、食事との相性もよい、間違いなく美味しいビールだと思います。福山雅治さんのCMもインパクトがあり、気に入っています。,,缶ビールの中で一番好きなアサヒスーパードライ☆きりっとキレがよくコクと香りも最高です☆今は糖質が気になるのでオフの発泡酒ばかり飲んでますがたまにのむスーパードライは最高です☆,,"バランスの良いビールだと思います。
癖が無いのでどんな料理でも合います！
辛口、とありますが、むしろビールの濃い感じが嫌いな方や発泡酒など好きな方が飲まれたら美味しいビールだと思います。
アサヒ嫌いって方は周りでは聞いたことが無いのでプレゼントもしやすいです♪",,"昔から馴染み深いビールで、さまざまなビールを試してみては、最終的に戻ってくるビールです。
キレと喉ごしがよく、爽快感があります。",,一番小さいミニサイズで購入したので、お風呂あがりに2口で飲んじゃいました！ビールのキレを楽しみたいときはスーパードライが一番いいですね。,退会済ユーザーです,,"私は、どちらかと言えば、昔からビ―ルは苦手でしたが夫から時々味見を、させて貰っていました。
色々試して、一番飲みやすいのがス―パ―ドライでした。
キンキンに冷やした最初の一杯が何とも言えない美味しさです。全体的にバランスがよくグイグイ飲めます！
どんな料理にも合いそうなので是非お試しくださいね！
",,"辛口ではあるけど、それほど強い苦味はないです。

炭酸が結構効いていて、キレがよくのどごしがいいので爽快感があります。

定番ビールなので、どんな料理にも合うと思います。",,飲むとすんなり喉を通るほどのどごしがよく、甘みが強すぎないためあまったるさがなくすっきりしています。炭酸は強めで好きです。,,"ロングセラーなだけあり、コクやキレはかなりのものです。揚げ物等のおつまみはもちろんのこと、どんな料理にも合うビールってのはなかなかないですよね。
その点アサヒスーパードライはさすがだと思います。
のどごしもスッキリしていて、気がつけば２本目、３本目・・・

ありきたりですが、やはり冷蔵庫でキンキンに冷やして飲むのが個人的にgoodです。",,"辛口の風味とすっきりした味わいが特徴的。良くも悪くも日本を代表する大衆ビールであり，私も最後は結局スーパードライに戻ってきてしまいます。昔から変わらない味だからこそ，愛され続けているのだと思います。

今回はシューマイと一緒にいただきました。すっきりとした飲み口は，口内に残る脂っこい食事をきれいに洗い流してくれました。",,定番のビールでとても人気がありますが個人的には自分で買ってまで飲みたいビールではないです。コクはなく味が薄いので安っぽい味です。,,"のどごしとキレがあり炭酸もかなり効いています。

コクは他のビールに比べあまりありません。

コクがないゆえに、後味もすっきりで飲みやすいです。",,コクがありキレがあるとても美味しいビールです。我が家ではビールと言えばアサヒ スーパードライです。どんな食事も合います。特に焼肉などのときは最高に美味しいです。強めの炭酸が刺激的で、喉越しが良く後味はとてもスッキリしています。このビールは外国の方にも人気があります。,,人気のあるビールですが、自分には合わないです。まず、味が薄くて旨味が感じられず水っぽい感じ。コクもなく安っぽいですね。同じ価格帯なら一番搾りの方が良いです。,,主人がアサヒスーパードライしか飲まない徹底ぶりなのでその影響もあるかと思いますが今ではわたしもビールと言ったらアサヒスーパードライです。のどごしが良く、よけいな味がしません。開栓後どうしてもぬるくなったり気がぬけていくので、出来るだけ最後までおいしく飲めるようにいつも350mlの小さい缶のほうを買っています。,,私が一番飲んでいるのはこのビールです。父親が買ってきてくれるのをもらいます。食事にも合うし、ビールだけで飲むのも美味しいです。缶のデザインも、かっこよくて好きです,,洗礼されたクリアな辛口です。苦みもなくパランスのとれたビールで飲みやすいです。キレがあり後味もよく、飲みすぎてしまいそうです。,,親子二代で、アサヒスーパードライにお世話になってます。甘過ぎず、ガツンとコクがあり。のみごたえのありビールです。はじめは苦みが強く感じられましたが、今ではその苦みもクセになってます。,,普段は専ら経済的な発泡酒を飲用しますが、この商品はお中元など贈答品にも良し、来客をもてなすにもお出しして恥ずかしくないビールです。特に年配の男性の方には迷わずこの商品を選びます。のど越しも良く、コクもキレも申し分なく、我が家ではビールが飲みたいときに飲むビール、です。,退会済ユーザーです,,第3のビールや発泡酒ではなく、ビールを飲みたい時に飲んでいます。他より値段も安めなので、気がつくと2.3本空いてたりします。いろんなおつまみに合うのもいいです。,退会済ユーザーです,,スーパードライは普段は飲みませんが、お歳暮に頂いたので、最近はこればかりです。スッキリとした喉越しで、爽やか、といった感じのビールです。私の好みとは違いますが、味の濃い料理と一緒に飲むと良いと思います。,,普段からよく飲んでいるのですが自分が一番好きなビールです。ほかの商品と比べると少し値段は張りますが、ビールらしい飲み応えで、後味もとてもすっきりしているのでとてもおすすめです。,退会済ユーザーです,,"久しぶりに喉が乾いた時にキンキンに冷えた状態を飲んでみました。

ぷは～っ、と後味スッキリ、サッパリと、甘味が全くなく、
美味しいですね～。

喉が乾いた時だったので、ごくごくと350ml飲んじゃいました。",※特徴は2023年4月19日以降のレビューで算出,シェアビュー公式アカウント,,ビール
