お菓子･アイス･飲料･乳製品 など,レジャー･道の駅 など,日用品･ベビー用品･サービス など,糖質対策など健康を意識した商品,※レビュー5件以上が対象,香り：7.69 %,香り：7.14 %,香り：6.67 %,香り：3.33 %,香り：0 %,香り：62.5 %,香り：40 %,香り：36.36 %,香り：35.42 %,香り：22.86 %,香り：22.22 %,香り：21.31 %,香り：20 %,香り：18.87 %,香り：17.5 %,香り：16.67 %,香り：16.67 %,香り：16.67 %,香り：16.67 %,香り：15.25 %,香り：14.29 %,香り：12.5 %,香り：11.54 %,香り：10 %,香り：7.69 %,香り：7.14 %,香り：6.67 %,香り：3.33 %,香り：0 %,香り：62.5 %,香り：40 %,香り：36.36 %,香り：35.42 %,香り：22.86 %,※レビュー5件以上が対象※2023年4月19日以降のレビューが対象,コク：12.5 %,コク：12.5 %,コク：2.78 %,コク：0 %,コク：0 %,コク：81.25 %,コク：80.77 %,コク：60 %,コク：54.55 %,コク：45.9 %,コク：45.71 %,コク：40 %,コク：33.33 %,コク：33.33 %,コク：30.77 %,コク：30 %,コク：26.67 %,コク：25 %,コク：18.64 %,コク：17.86 %,コク：16.67 %,コク：16.67 %,コク：14.29 %,コク：13.21 %,コク：12.5 %,コク：12.5 %,コク：2.78 %,コク：0 %,コク：0 %,コク：81.25 %,コク：80.77 %,コク：60 %,コク：54.55 %,コク：45.9 %,※レビュー5件以上が対象※2023年4月19日以降のレビューが対象,キレ：16.67 %,キレ：16.67 %,キレ：12.5 %,キレ：0 %,キレ：0 %,キレ：76.67 %,キレ：60.71 %,キレ：60 %,キレ：54.24 %,キレ：49.18 %,キレ：43.75 %,キレ：42.86 %,キレ：40 %,キレ：38.46 %,キレ：38.46 %,キレ：37.74 %,キレ：35.42 %,キレ：35 %,キレ：34.29 %,キレ：33.33 %,キレ：30 %,キレ：29.17 %,キレ：28.57 %,キレ：22.22 %,キレ：16.67 %,キレ：16.67 %,キレ：12.5 %,キレ：0 %,キレ：0 %,キレ：76.67 %,キレ：60.71 %,キレ：60 %,キレ：54.24 %,キレ：49.18 %,※レビュー5件以上が対象※2023年4月19日以降のレビューが対象,のどごし：35.42 %,のどごし：33.33 %,のどごし：28.57 %,のどごし：20 %,のどごし：20 %,のどごし：100 %,のどごし：86.67 %,のどごし：69.81 %,のどごし：69.23 %,のどごし：64.41 %,のどごし：60.66 %,のどごし：57.5 %,のどごし：57.14 %,のどごし：56.25 %,のどごし：56.25 %,のどごし：54.29 %,のどごし：52.78 %,のどごし：50 %,のどごし：50 %,のどごし：50 %,のどごし：50 %,のどごし：46.43 %,のどごし：43.33 %,のどごし：36.36 %,のどごし：35.42 %,のどごし：33.33 %,のどごし：28.57 %,のどごし：20 %,のどごし：20 %,のどごし：100 %,のどごし：86.67 %,のどごし：69.81 %,のどごし：69.23 %,のどごし：64.41 %,※レビュー5件以上が対象※2023年4月19日以降のレビューが対象,コスパがいい：24.53 %,コスパがいい：17.86 %,コスパがいい：16.67 %,コスパがいい：12.5 %,コスパがいい：0 %,コスパがいい：71.43 %,コスパがいい：66.67 %,コスパがいい：61.02 %,コスパがいい：57.14 %,コスパがいい：50 %,コスパがいい：46.15 %,コスパがいい：45.45 %,コスパがいい：40 %,コスパがいい：40 %,コスパがいい：40 %,コスパがいい：39.58 %,コスパがいい：39.34 %,コスパがいい：38.89 %,コスパがいい：36.67 %,コスパがいい：33.33 %,コスパがいい：33.33 %,コスパがいい：33.33 %,コスパがいい：32.5 %,コスパがいい：25 %,コスパがいい：24.53 %,コスパがいい：17.86 %,コスパがいい：16.67 %,コスパがいい：12.5 %,コスパがいい：0 %,コスパがいい：71.43 %,コスパがいい：66.67 %,コスパがいい：61.02 %,コスパがいい：57.14 %,コスパがいい：50 %,※レビュー5件以上が対象※2023年4月19日以降のレビューが対象,リピートしたい：20 %,リピートしたい：16.67 %,リピートしたい：16.67 %,リピートしたい：7.14 %,リピートしたい：0 %,リピートしたい：50.94 %,リピートしたい：50 %,リピートしたい：47.5 %,リピートしたい：45.45 %,リピートしたい：43.75 %,リピートしたい：43.75 %,リピートしたい：40 %,リピートしたい：40 %,リピートしたい：38.46 %,リピートしたい：38.46 %,リピートしたい：37.14 %,リピートしたい：33.33 %,リピートしたい：33.33 %,リピートしたい：30 %,リピートしたい：28.81 %,リピートしたい：28.57 %,リピートしたい：25 %,リピートしたい：24.59 %,リピートしたい：22.92 %,リピートしたい：20 %,リピートしたい：16.67 %,リピートしたい：16.67 %,リピートしたい：7.14 %,リピートしたい：0 %,リピートしたい：50.94 %,リピートしたい：50 %,リピートしたい：47.5 %,リピートしたい：45.45 %,リピートしたい：43.75 %,※レビュー5件以上が対象※2023年4月19日以降のレビューが対象,発売日：2023.3　上旬,メーカー：アサヒビール,アルコール度数/カロリー（100mlあたり）：5%/42kcal,原材料：発泡酒（国内製造）（麦芽、ホップ、大麦、コーン、スターチ）、スピリッツ（大麦）,Clear,のどごし味ともに最上級発泡酒,アルコールも5%とほどよく酔える本格的な発泡酒。とにかくビールより私は好きです。スッキリと飲めてのどごしも最高です。まろやかな泡が最高です。,購入場所：セブンイレブン,キレがある,アサヒのクリアアサヒです。味はかなりすっきりしていて、ごくごく飲めます。キレがあり、後味もいいです。軽い味が好きな方ならいいかなと思いました。,すっきり飲み口さわやか,"のどごし爽快でコクと切れ味が最高、とっても美味しいビールです。仕事の帰りに自販機で買ってグビッと飲むのと一日の疲れが吹っ飛びます。休日は500ﾐﾘﾘｯﾄﾙサイズで飲んでいます。
",サッパリしてます,一口飲むとあっさりした味わいです。全体的に薄い味の印象ですが、のどごしが良くゴクゴク飲めます。さっぱりした味ですが、キレがあるのでどんな食べ物でも合いそうです。食事時にもお風呂上がりにも合う飲みやすさです。,やっぱりアサヒ。,"スーパードライが好きでも普段はコレ。
スーパードライじゃなくても、
やっぱりアサヒが飲みたい！

そんな時には、クリアアサヒだと思います。
夏にキンキンに冷えたアサヒは、
やっぱり最高だなと。
",飲みやすい,発泡酒独特の味わいが苦手なのですが、コレはクセがなく、スッキリとした味わいで美味しく飲めました。苦味も感じられず、爽やかで飲みやすいですね。発泡酒に対する概念が覆されました。美味しかったです。,やっぱり王道！,アサヒさん、この商品は泡まで美味しくてゴクゴクいけます！コク・キレ全部良い感じ！リピート当たり前でしょうね！！(笑)これから暑くなる季節に最高です！個人的には前のCMの方が好きです…(笑),すっきりしてゴクゴク飲めて雑味がない,"苦味やコクが控えめな飲みやすい味わいの発泡酒です。のどごしが良く、爽やかで癖が無く、すっきりした後味です。
雑味がない味わいなので、いろいろな食事に合わせやすいですね。もう少しコク、旨味が強かったらなお良いです。
気温が高くなる季節などに、すっきり飲みたい時に合いますね。
パッケージデザインの配色が綺麗で、好きです。
",ずっとこれを愛飲している,"友達も好きでスーパードライの後に飲むようにしている。
安くてコスパ良いからつい飲みすぎてしまうことが多い。
とにかく安くて美味い。",企業に伝えたいこと：※ログインするとレビューが見られます,購入場所：ダイレックス,ごく普通の食事に,"飲んだ感じは柔らかいというかキレよりコクのほうが強めです。
居酒屋で出るような酒に合う料理より、普家族で食べるような普通の食事に合います
（食事中に少し飲むお酒という感じです)        ",薄めの発泡酒,"クリアというかやや薄いというか。
ゴクゴク飲みやすいのはいいですが、何か少し物足りないような。
その割にほんの少し癖のある風味はあります。",飲みやすい,"しっかりビールの味と香りがして飲みやすくさっぱりします。
ごくごく飲みたい時などにはちょうどいいと思います。
気軽に飲めるので重宝します。
",購入場所：イトーヨーカドー,飲みやすい,"普段ビールは飲みませんが、クーポンが当たったので買いました。
軽い口あたりで、さっぱりとして飲みやすかったです。はじめてビールを飲む人にもおすすめです。",スッキリで食事にあいます,スッキリしていてとても飲みやすく食事によくあいます。クセがないのでゴクゴクと飲むことができました。コスパもよく味も悪くないので毎日飲めそうです。,あっさりクリア,"普段あまりお酒を飲まないので、ビールの種類？品種というものもよくわかってないのですが、名前に惹かれて購入しました。
こちらは発泡酒というので、正確にはビールではないのでしょう。
お店で飲むものよりかは水っぽく苦みが結構しっかりと感じました。
夏場暑い外から帰ってとりあえずの一杯などにはすっきりとしてていいかもしれないなと思ったのでまた季節が来たらトライしてみようかなと思います。",購入場所：スーパー,飲みやすい,名前の通りすっきりしたクリアな飲みごたえでのどごしが良いです。雑味や苦味をほとんど感じないので癖がなく食事に合わせやすいです。値段も手ごろで有難いです。,スッキリとしていて飲みやすい,"非常にスッキリとしていて雑味やクセがないため飲みやすく、程よい麦の旨みも感じられて美味しいと思いました。

食事とも合わせやすく、パッケージもシンプルで可愛らしいので気に入っています。",購入場所：ローソン,後味スッキリで飲みやすい,"発泡酒として飲み慣れた味です。
やや渋みがある気がしますが、スッキリとクリアな後味でカバーされていますね。
コスパも良く、どこにでもあるので安心感もあります。
これからもリピートしたいです。",飲みやすさ特化型,クリアとはよくいったもので、すっきり飲みやすいです。ビール特有の苦味とか酸味とか重さとか、そういうものを極力減らしているイメージ。飲みやすさ重視なんしょうね、こういうコンセプトのもあっていいと思いました。乾杯ビールとか、夏のどの渇きを癒すビールとして、最適だなと思いました。,飲みやすい,"クセもなく美味しくて飲みやすいビールと言えばクリアアサヒな気がします。
その時の気分や季節、食べるものに合わせて飲むビールを変えていますが昔から変わらず飲んでいるのはクリアアサヒです。",やはり定番,やはり最近の値上げもあって、第三のビールもちょっと敬遠気味ですが、やはり定番ですね。つまみとも合う、間食のタイミングにはもってこいです。,購入場所：イトーヨーカドーネットスーパー,キンキンに冷やすと美味しそう,"クリアで飲み易く、のど越しが良かった。
冬に飲むにはちょっと軽すぎるけど、暑い夏の日にキンキンに冷やして飲むと美味しそう。",購入場所：ローソン,飲みなれた安心感,"色んなジャンルの物が出ている中で、飲みなれた味って感じる「クリアアサヒ」
コスパと、味と、飲み応えと、身体を気遣ってオフ系も買ってみたり、皆さん同じだと
思いますが、飲みなれた味といえばやっぱりクリアアサヒかな、ほっとしますね。",飲みやすい発泡酒です,"アサヒクリアアサヒはすっきりとした飲みやすい発泡酒です。その代わりにコクや苦みがなくインパクトに欠ける飲みやすくて美味しい発泡酒です。キンキンに冷やしてバーベキューに合うと思います。
",購入場所：マルエツ,すっきり飲みやすい,ビールをイメージさせるパッケージのクリアアサヒ。苦味がそこまで強くないので後味がすっきりしていて飲みやすいです。コクがやや少なく感じますがその分軽い飲み口なので食前に軽く飲みたい時や食事にも合わせやすいと思います。ゴクゴク飲めてのどの渇きが癒やされます。,購入場所：まいばすけっと,発泡酒とは思えません,"最近の発泡酒はとても素晴らしい出来映えです。
クリアアサヒも単独で呑めばビール？と間違え
てしまうと思います。
コスパ最高でお気に入りです。
キレ、味が遜色ありません。",購入場所：オーケストア,スッキリ爽快クセがない,"クセがなく、スッキリしていてクリアで爽快な味わいでのどごしが良くおいしいです。
猛暑の時はキンキンに冷やしてグイグイ飲んでいます。
まとめ買いが割安になるので購入しています。",爽やか,程よい苦味とキレがあり後味スッキリの美味しいビールです。コクが少ない分まろやかで軽い飲み心地なためごくごくと飲みやすく食事にもよく合いました。発泡酒の中でもレベルが高いと思いました。,結構いける,"罪悪感の低い健康に良いクリアアサヒ。また新しくなったようですね。
少し泡立ち？のどごしは荒めなものの、十分満足できるレベルのお味でおいしいです。
これならまた飲みたいです。
さすがクリアアサヒさん、いつもどんどん進化していますね。
泡が美味しそうなデザインも素敵です。",購入場所：コンビニ,飲みやすい,クリアなサッパリとした喉ごしです。揚げ物でもサラダでも、生ものでも煮物でも、何にでもよく合います。普段飲みにはお安くて美味しいクリアアサヒで十分です。,思わず鼻歌が,"安くて美味しいんですから、最高だと思います。
CMの印象が強くて思わず鼻歌が出てきてしまいました。その鼻歌にあわせて子供も一緒にのって歌っていました。美味しいに楽しいも加わりお気に入りのクリアアサヒです。",購入場所：セブンイレブン,飲みやすい,"あっさりしたて飲みやすい
パッケージもとっても美味しそうでスッキリ、さわやかさが伝わってくる。
クセがないのでどんな料理にも合うと思う。
パッケージに書いてある、「結局飲みやすくておいしいのが、いちばん。」
私もそーう思います。",購入場所：マックスバリュ,すっきりクリア,名前のとおり、すっきりして雑味のないクリアなお味で飲みやすいです。ゴクゴク飲めてしまうので、あっと言う間に飲み干してしまいますね…夏にはピッタリののどごしです。,購入場所：LAWSON,キレ、コクのあるビール！,のどごしの良い、また後味すっきりとしたコクのあるビール！すごく飲みやすく、いくらでも飲める！これからもずっと飲み続けていきたい！,軽い,スッキリと軽い飲み心地です。苦味や酸味は少なく、キレはありますが全体的に味が少し薄い感じがしました。雑味はないので後味はとてもスッキリとしています。そのためビールが苦手な人でも飲みやすいビールになっていると思います。,夏こそクリアアサヒ,他のものよりもクセがなくさっぱり飲みやすいのでゴクゴクあっという間に飲めちゃいます。夏の暑い日にゴクゴク飲んで暑さを乗りきりたいです。枝豆と唐揚げと一緒に飲んだらもうとまりません。,やっぱりビールには負けてしまうかも。,"それなりに美味しいです。グビッといけちゃうしスカッと飲みごたえもあります。が、やはりビールには負けてしまう味わいだと思いました。
値段が少しお手頃なので、お金節約したい時にはありがたいですね。
そんな飲みごたえのあるクリアアサヒです。",定番,クリアアサヒは、後味もスッキリしていて飲みやすいです。でもちゃんとビールとしても満足できる味だと思います。CMを見てると鍋とか焼き鳥とか食事と一緒に飲みたくなります。値段も買いやすいのが嬉しいです。,ビールっぽい味,すっきりした味わいの中に生ビールのような苦味もあってかなりそれに近い満足感が得られました。アサヒビールらしいキレもあり喉越しも爽快で美味しかったです。生ビールと比較すると半値くらいだし他の第三のやつより少し安くかなりコスパがいいと思いました。,購入場所：ビッグ・エー,味がリニューアルしてる,以前は飲んでいると味が薄くアルコール入り炭酸水を飲んでいた感じだが、疎遠になって数回リニューアル。今回満を辞して購入。飲んでみるとしっかり麦の味わいがして、雑味が少なくなっておりゴクゴク飲めちゃいました。,購入場所：ダイレックス,退会済ユーザーです,ビールみたいです。,香り、コク、キレ全て備えた発泡酒です。ビールみたいです。クリアと銘打っているだけあって、コクがあるのにスッキリ感もあります。食事と一緒に飲むのも良いですが、私は、そのまま飲んで味わいたいです。鼻から抜ける香りも良いです。,購入場所：セブンイレブン,何年も飲んでます,"ここ数年ほどアルコール売り場で迷ったらこちらを購入しています。いつも通りさっぱりとキレのある飲み口で、食事やスナック菓子などのつまみにもよく合います。
最近は他にも気になる商品が多いので、飲む頻度は減ってきていますが、ビールの値上がりが続く限り今後も飲み続けると思います。",安定の味,"嵐の二宮くんやKAT-TUNの中丸君が宣伝していて、キャンペーンもやっていたので購入しました！
リニューアルしたようですがどこが変わったのかはあまりわからず、、笑
安定のおいしさでした！",女性にも飲みやすい,いつもインパクトのあるCMのクリアアサヒですね。とてもおいしそうに美味しそうに見えるので自分用に買いました。主人はビール党ですが、私は新ジャンルのお酒をよく飲みます。その中でも喉ごしスッキリといった感じがします。クリアアサヒというネーミングがぴったりだと思いました。,購入場所：平和堂,キレがある,キレがあり辛口です。スッキリした飲み口でゴクゴク飲めて後味はとても爽快感があります。飽きの来ない味わいなので、毎日飲むことが出来ます。どんなお料理やおつまみみにも合わせやすいです。,スッキリとおいしい,"発泡酒なんですが
苦いビールよりも こちらの
スッキリした味が好みです。
缶のデザインもおいしそうで
見ているだけで 飲みたくなります。
どんなお料理にも合わせやすいので
リピート確定です。
欲を言えば糖質オフとかカロリー
控えめとかまあれば良いと思います。
",おいしいです,"アサヒビールの クリアアサヒ
とても飲みやすく、ごくごく飲めて喉越しも美味しいです
いつも飲んでいます
価格もお手ごろで、経済的
みんなにも、この幸福感がいきわたるように思っています",クリアな味わい,以前からコマーシャルで気になっていた商品だったので、今回購入してみました。商品名の通り、クリアですっきり爽やかな味わいになっており、とても飲みやすいお酒でした。価格もお手頃価格なので、ぜひまた購入しようと思います♪,爽やか,"いつでも、クーリアアサヒの♪と音楽が頭の中でながれてするように爽やかな印象です。
とにかくのどこしがよく軽やかな味わいです。他のビールに比べたるとコクや香りは少し弱いと感じますが、味は濃いおつまみや食事と一緒に食べるならちょうど良いと思います！また、暑い日にもぴったりです！",飲みやすい,コンビニ各所、スーパー等どこでも売っていて気軽に手に入るし、飲みやすさ、喉越し良く、普段飲むのに適してるなーと思います。さらっと飲める。そしてコスパ良いです！,飲みやすさを追求している,クセがなく、すっきりしていて、とても飲みやすいです。味における自己主張があまりないので、どんな食事にも合うと思います。最近おいしいと感じたお酒のひとつです。,冷やしてさらにおいしい発泡酒です,大きめの荒い泡立ちの発泡酒です。飲みながら泡が消えていく爽快感があります。アルコール5%で飲みながら少しの苦みを楽しめます。複雑ではない味がわかりやすいです。キンキンに冷やして飲むとフレッシュなおいしさがより愉しめそうです。,購入場所：オオゼキ,爽快,晴れやか仕上げのポップにふさわしく、軽くてキレがありながら旨みを十分に感じます。最初の一口目がとても美味しいです。香りもいいです。,購入場所：ファミリーマート,すっきりさっぱり、クリアで爽やか,"口の中をさっぱりとさせたい！時にぴったりな、軽やかさ。コクや香りよりも、クリアな後味や爽快感が売りだと思います。すっきりさっぱりと飲むことができ、味の濃いものや油っぽいもののお供としてはぴったり！！
最近クラフトビールなどを飲むことが多かったけど、クリアアサヒのような爽やかなのもこれから夏に向けてはぴったりですよね。ごくごく飲めちゃうので飲み過ぎ注意です…！",安かろう悪かろう,普段は発泡酒や第三のビールは飲みません。偶々懸賞で当たったので試しに飲んでみましたが、やっぱり偽ビールでした。コクを売りにしていないスーパードライに数段劣り、キレに関しては言わずもがなです。,購入場所：ローソン,スッキリ爽快,一口目は、キレのある味が来ます。そのあとに、麦のうまみがやってきます。雑味がなくすっきりとした味なので、いろいろな料理に合いそうです。また、のど越しも良くて、後味は爽快です。,購入場所：ローソン,しょっぱいおつまみに合わせて,"塩味強めな肉系のおつまみと合わせて飲みました。
クリアの名前にふさわしく、軽めであっさり飲めるのが好印象です。ビールが苦手な人でもこれなら飲めると思いました。",購入場所：セブンイレブン,スッキリとした飲み心地,リニューアルされたと言うことでキャンペーンにて無料クーポンいただいたので飲んでみました！以前にも増してスッキリとしてべたつきのない飲み心地で、キレもあり爽快感に包まれます！コクはそこまでありませんが、個人的にはこれくらいの方が飲みやすくていい感じでした！,味がしっかりしていて、飲みやすい,喉ごしが良く、味、香り、コクがほどよくバランスして、とても飲みやすい一杯です。少し軽めであっさりしているので、どれだけでもグイグイ飲めます。おつまみは唐揚げなど、しっかりしたものとでも相性が良いです。,退会済ユーザーです,お酒飲めない人プチョヘンザ,有難いSNS懸賞の当選品。勿体ないので美味しく頂くことにしました。リニューアルを遂げたアサヒのクリアアサヒは、味わい豊かな印象でした。のどごしも良いですし、普段ビールを飲み慣れている人にとっては普通過ぎると感じられるかもしれないですが、そこがご愛嬌というもの。まさにシンプリーなビールでした。,購入場所：ローソン,のどごしスッキリ。,最近では第3のビールも色々な商品が出ていますが、こちらは独特な酒臭さがなくビールの爽やかさを残しつつクリアでライトな飲み口です。美味しいおつまみと一緒に楽しんで1日の疲れを忘れさせてくれます。,購入場所：フジグラン,いつも飲んでいます,毎晩、晩酌に重宝しています。アッサリとした飲みごたえで、料理を選ばないところが、お気に入りです。麦芽が多く含まれているので、香りも良いです。冬は、鍋に合わせて飲むのが合っているので、ついつい一本多く飲んでしまいます。値段も手頃だし、近所のスーパーで買えるので、また飲みます！,見るとCMが流れてくる,たくさん流れているビールのCMの中でも、1番印象に残るクリアアサヒ！です。やはりビールには劣りますが、クリーミーな泡立ち、透き通った色合いとスッキリした飲み口は、クリアそのものです。それがロングセラーに繋がっているのだろうな。,味わいがじんわりしてより旨い!,　まずはじめに飲んでみて雑味や変なクセがないのみならず、飲んだ際のホップの旨味がきっちりとブワっと出ており、旨いビールとしての風格が飲んでいてじんわりと来ている感覚を感じる事ができました!,第3とは思えない位のクオリティ,"発泡酒に大麦スピリッツを加えた第3のビールという事で、試しに飲んでみましたが、風味、香りは中々良くて、飲み終えた後味も凄ぶる良い。
スーパードライ程ガツンと来ないが、これはこれで十分楽しめる味だと思います。
酒税の変更でビール、発泡酒、第3種と料金もほぼ変わらならビール買っちゃうかなって思いました。
バドワイザーみたいに軽いのでゴクゴク行けますが
アルコール普通に5パーありますので酔っ払い注意、
普段飲むなら、軽いのでこちらかも知れません。
味はとても美味しいです。",購入場所：バロー,飲みやすい,泡がクリーミーな感じがしました。苦味はあまりなくてとても飲みやすかったです。喉越しもよく、後味もすっきりしていてよかったです。,おいしい。,"全体としてはすっきりとした印象なんですが、しっかりコクや旨味を感じられておいしいです。
あくまでリキュールなのであまり期待していなかったんですが予想以上でした。",購入場所：ローソン,十分美味しい,"昔より香りを感じるし美味しくなってます。
本格ビールを飲んでいる人には物足りないかもしれませんが、私には十分美味しい。
夏にはむしろすっきりした飲み心地が、ゴクゴク飲むには丁度よい。
",購入場所：イオン,旨味しっかり、美味しくいただける。,"正直あまり味には期待せず購入しました。が予想以上に美味しかったです。雑味がなく、しっかりコクや旨味も感じられます。なおかつすっきりしており後味も良いです。
軽いので何杯でもいけちゃいそうです。またリピします。
",購入場所：トライアル,すっきりの中にうまみがある,"のどごし滑らかで飲みやすく、すっきりしています。
コクはあまり感じませんでしたが、味が薄いということは全くなく、缶パッケージに書かれているとおりに、すっきりの中に旨味があり、とても美味しかったです。",泡がクリーミー。,"私はお酒が飲めないので、お酒が大好きな主人の感想です。
ビールでは無いが、ビールに近いバランスの取れた味わいが有ると思います。
ビール味をしたカクテルという感じです。
泡はクリーミーです。",スッキリ感が美味しい,"お酒を飲む日は必ず買ってくる1本です。
スッキリしていて夏場はキンキンに冷やして飲むと最高です。
シーズン毎に限定商品を楽しめるのもまた良いです。",購入場所：スーパー,軽く飲める味わいです。,軽く飲めるので、最初の一杯とかにはもってこいです。こくがない分逆にどの料理にも合います。すっきりした味わいは暑い日にはとてもフィットします。デザインも明るく良い感じです。,確かに「スッキリ」ではある,"新ジャンルらしいといえばらしい、軽い飲み味で、それを「スッキリ」と捉えることも確かにアリだと思う。

ビールに比べると全体に薄味な感じで、それが新ジャンルなのだと言われるとそうですか、となる。

薄味はネガティブなイメージで捉えられがちだが、一気にグーッと飲み干すとしたら、この軽さは意外とプラスかもしれない、ともふと思う。

薄味と言っても極端な無論わけではなく、ビールの雰囲気を楽しむに不足はないのだから。",クリアな味わい,"商品名通りクリアな味わいでスッキリと飲みやすいビールでした。
心地よい麦の味も感じつつ、サッパリと飲めて美味しかったです。
今の暑い時期にはゴクゴク飲めるビールで良いと思いました。
誰でも飲みやすいビールだと思います。
シンプルなパッケージのデザインも商品名のイメージと飲んだイメージでとても合っていると思いました。
",退会済ユーザーです,水のように癖がなくクリアな味わい！,"他の商品と比べて、飲みやすさがダントツです。
しばらく口に含んで味わえば、邪魔にならない程度の苦み・酸味・ホップ由来と思われるフルーティーさが感じられますが、
口に入れてすぐに飲み込めば、水のように癖がなくさっぱりとした後味です。
発泡酒や第三のビール特有のえぐみや雑味が最小限に抑えられているのではないでしょうか？

風味がしっかりした発泡酒や第三のビールは、えぐみや雑味が出やすい印象なので、
クリアアサヒのように風味よりも飲みやすさを重視した商品の方が好きです。

第三のビール特有の味が苦手な方におすすめなのはもちろんですが、
味わって飲めば適度な風味があるので、多少ビールっぽさがほしい方にもおすすめです。",低コストなのに最高の味わい,"アサヒ：クリアアサヒ

魅力的な部分はたくさんありますがサッパリ＆スッキリそして何よりどの食事にもあう最高の発泡酒かと思います。",購入場所：薬王堂,これぞビール,まさにビールの代表格と言っても過言ではないと思います。コクとキレが凄く良いのでグビグビ飲めてしまうビールです。飲み過ぎに注意は必要かと思います。泡立ちも良好です。後味の苦味もしつこくなくサッパリとしているので爽快感があります。,飲みやすいです,"さっぱりとした味なのでビールが苦手な人も飲みやすいと思いました。
苦味も少ないので濃いめのおつまみとあいそうです。
値段がお手頃なので手がだしやすいです。
",飲みやすい！,"CMでよく見るため、購入してみました。
とても飲みやすくて食事にもよく合いました。
だんだん暖かくなってきたので、喉が渇いたときにごくごく飲みたいです！",購入場所：コンビニ,,春にいただくのにふさわしい発泡酒だと思いました。じっくり味わうというのではなくて、昼下がりにさらっと美味しい感じかな～。,,さっぱりした味に仕上がっていて、どんな料理にも万能的に合うかと思います。クリアアサヒ単体で楽しむというよりは、食事などと一緒に楽しむほうが飲み方としては向いていると思います。価格もそれほど高くはないので、毎日でも楽しみたい１つかなと思います。,,飲みやすいビールだと思います。よく見かける商品なので無難な味に仕上がっていると思うのですが、なんというか飲みやすくまとまっているように思います。ビールが本当に好きな人には物足りないのかもしれません。,,"今日はクリアアサヒで野菜炒めを楽しみました。
胡麻油と味噌味で炒めた野菜炒めを頬張りのどごしのいいクリアアサヒで流し込み最高です。",,普段ビールはあまり飲まないのですが、安かったので試しに買ってみました。しっかりと泡があり炭酸が強く、ビール感覚で飲めました。サッパリしていて苦味が少なく、ビールが苦手な人にも飲みやすいのではないかと思います。,,"ビールがあまり得意ではありませんが、これは苦味も少なめでさっぱり系でわりと飲みやすかったです。
喉越しも良くてフライドポテトと飲みましたが揚げ物とよく合うと思いました。",,"他のビールと比べても、特に飲みやすいビールだと思います。ビールが苦手な方でも、多少は無理しながらかもしれないですけど、飲めると思います。
それほどビール特有の喉にキリッとくる感じがあまりないです。ちょっと飲みたいなっていう時に、ちょこっと1本飲むのが良いっすね。",,失敗した春巻といただきました　缶から飲んだのに泡の細かさが伝わってくる　揚げ物のおつまみでも爽快に飲める　後味がもう少しあってもいいと思う,,"パッケージデザインのビールと泡の感じが美味しそうでいいですね。
味もコクがしっかりと感じられて、それでいて後味はスッキリとしていて飲みやすくて美味しかったです。
",,"第三のビールといわれるジャンルなので価格が安くて買いやすいですね。
それでもアルコール度数は5％あるし、ビールっぽい味もして、スッキリ飲めます。
少し薄いような、でも苦味もあり、飲みやすいと思います。
ビール初心者には十分だと思いました。",,"スーパーで安売りしている事が多いので、給料日前などにたくさん飲みたい時によく買っています。
アルコール5パーセントで飲みやすいので、夏の暑い日はキンキンに冷やしてゴクゴク飲みました。",,"一時期はメインで飲んでいましたが
最近は別の銘柄に浮気しています・・・
久しぶりに飲みましたが、
スッキリとした味わいで飲みやすいですが
やっぱりコクや味わいは少し物足りない気がします。",,"パッケージからビール感が伝わり
飲んでみる事に。
発泡酒のいいところは
お財布に優しいところです。
喉越し良く美味しくいただきました。",,"発泡酒の中では1番好きで、私の中で定番商品です！
たまに他のも飲むけど、戻ってきます。
さっぱりとしていて飲みやすくて、だけどしっかりビールの味がする！
暑い夏にキンキンに冷やして飲むのが美味しい！
個人的にちょうど良く酔えて大満足の商品です。",,開けたらフワフワの泡が出ました。あっさりしていて飲みやすく、おいしかったです。お刺身を食べながら飲みました。アルコールもほどよく、軽く酔えて良かったです。,,"初めてクリアアサヒを飲みまします！
発泡酒なので、どうかな？？と思っていましたが、いやいやキレがあって暑い日にとても美味しく頂きました。普段それほどビールは飲まないのですが、たまたま飲んだクリアアサヒ、美味しかったです。",退会済ユーザーです,,"楽しそうなコマーシャルと、ニューに惹かれて。
発泡酒はお値段がお手頃で買いやすくてありがたいです。軽い感だから気軽に飲めるし、口当たりも良く◎
おつまみが進んじゃいます。",,ビールそのもののようなわかりやすいパッケージに惹かれて購入しました。キレが強く刺激的な味で喉越しがよかったです。ビールらしい味がもう少しあれば嬉しいですが、ガツンとくるパンチ力は爽快でした。アサヒらしい炭酸が強めのクセがないさっぱりとした味わいで、夏の暑い日にキンキンに冷えたこの商品を飲みたいなと思いました。,,さっぱりとしていて、飲みやすい。発泡酒だけどしっかりとしたビールの味がする。お値段的にも良いから毎日飲酒する私にはお財布にいい。味も満足。500ml缶があるのはありがたい。グラスに注いだときに立つ泡もそれなりにあるかなと思う。全体的に満足のいくビール,,"グラスに注がれたビールを思わせる缶のデザインに惹かれて購入しました。
香りやキレ、コクなどは、ビールには及ばないものの、第3のビールの独特な香りも少なく、クセがなくクリアな味わいで、後味もスッキリしていてとても飲みやすく、料理の味を邪魔しないところがイイですね♪お手軽価格で飲めるわりに、味のバランスがイイのも、日常的に飲むにはありがたい存在だと思います♪
",,発泡酒アルコール５%、安価で充分ビールが味わえます。「クリア」の名前のとおりクリアなのでゴクゴク飲みすぎないようにしないと♪,退会済ユーザーです,,"クセがなくあっさりして飲みやすくて、第3のビールにしてはまあまあうまいと思う
他にこれよりも安い、第3のビールでプライベートブランドの商品もよく飲んでいて、
においがかなり独特で口臭が気になるが、クリアアサヒはその心配もない",,クリアというだけあって、透明感のあるクセのない味が楽しめます！ラベルが本当のビールを連想させて、より美味しく感じます。クセもなく後味も良いので美味しかったです♪,,お財布にも優しく、日々の晩酌に飲ませていただいています。見た目のデザインも好みで、これが冷蔵庫に常備されているのが目に入るだけで嬉しくなります。味ももちろん美味しいです。,,クリアアサヒと言うネーミング通り、すっきり澄んだ味わいでした。香りやキレ、コクなどはやはりビールには及びませんが、クセがなくとても飲みやすかったです。お料理の味を邪魔しないので、色々なメニューに合わせられるのも嬉しいです。また、キンキンに冷やすとより一層美味しくて、お風呂上がりの一杯としてごくごく飲むのに最適です。,,"第三のビールの中だとお気に入りのひとつです。
お手頃だけどそこそこにコクがありつつ後味もスッキリ。
ビールには及びませんが、お財布への優しさ・味のバランス含めありがたい存在です。",退会済ユーザーです,,CMのオリジナルソングが印象的なクリアアサヒです。発泡酒ですが、ちゃんとホップの香りやコクも感じられてビールらしい味わいを楽しむことができます。辛さやキレはあまりありませんが、クリアという名前に相応しいスッキリとした飲み心地で夏場やお風呂上がりなどサッパリしたい気分のときに飲みたくなるお酒だと思います。,,コマーシャルをよく見るので気になっていました。アサヒの中でも代表的な新ジャンルのビールです。ひと口飲むと、クリアというネーミングだけあって透明感のあるスッキリとした喉ごしでした。飲んだ後も口の中にホップの香りが残っていました。,,個性のある商品ではないですが、炭酸が強く、喉越しがスッキリしています。ホップの苦みも弱いわけではないので、ビールのような味わいもあります。ゴクゴク飲めるといったタイプの新ジャンルです。,,"CMでもよく耳につく、クリアアサヒ。
とても良いネーミングだと思います。
飲んでみると雑味がなく爽やかで一気にのめます。　
程よくきれとこくがあって、後味も良いと思います。",,"クリアアサヒというネーミング覚えやすいですね！店頭で見かけることは今までも多かったのに、なぜか定番商品や新商品に手が伸びて今まで飲んだことはありませんでした。
今日は飲んだことがないブランドを買って新規開拓してみようと数缶購入した中のひとつがこのクリアアサヒです。
缶のデザインのイメージ通り滑らかな泡とすっきり爽快感があり飲みやすかったです。
これから寒くなって鍋も登場回数が増えるので、ゴクゴク飲めそうなこちらのクリアアサヒもリストアップにしたいと思いました。
ビールってちょっと苦手という女性の方にも、良い意味で深み、渋さはないので飲みやすいと思います",,よく買うビールの一つです。お手頃価格で嬉しいのはもちろんスッキリとしていて喉越しが良く、ご飯と一緒に美味しく飲めるビールです。コクはそこまで感じられませんが、薄いわけでもなく程よい感じだと思います。,,その存在はずっと知りつつも、今まで一度も手を出したことがありませんでした。酒税の変更前に、１本買ってみました。控えめな苦味で後味がさっぱりとした第3のビールです。取り立てて特徴がないのが、飲み飽きないコスト意識のある人向けの第3のビールとして今までは人気があったのでしょう。,,増税前に買いだめした新ジャンルのひとつです。味わいは軽めでクリアですっきりした喉越し、クセのないあと味です。標準的な新ジャンルで特徴はありませんがゴクゴク飲むには向いていると思います。,,"ビールの様なお酒を安く買うことができるのが、この商品の売りだと思います。
増税でいくらになったのかわかりませんが、ビールと値段が大差ないのであればこれからはビールを飲むと思います。
理由なき増税を恨みます。",,とりわけ美味しいとまでは感じられないものの、ビールの代わりとして飲む分には満足できます。スッキリした後味なので飲みやすいです。,,名前の通りクリア感があって、スッキリとして飲みやすいです。かといって味が薄すぎずしっかりと味わえるし、キレもあって暑い時にゴクゴクと飲むのに良かったです◎。お安く買えて結構飲んだ感が得られるのが嬉しいですね。,,第３のビールはまず価格が安いので、試し飲みもしやすくていいです。すごくスッキリした飲み口で苦味が弱めで飲みやすいです。コクがあるので、物足りなさもなく飲めます。クリアアサヒの泡が個人的には美味しくて好きです。,,キレのある味で軽やかな味わいでビールの味に近い風味が楽しめる感じです。後味もすっきりしていてクセが無いのでどんなおつまみと一緒でも美味しく飲める味だと思います。コクは少し弱めに感じましたが逆に軽快な味で爽やかな感じが良いです。,,このジャンルの中では1番のお気に入りです。自分がこれまでに飲んだ50種類ほどの発泡酒の中では最もまろやかなビールに近い味わいではないかと思います。,,"口当たりが凄くいいと思います
ビールが嫌いって方も、もしかしたら飲みやすいかもです
私は、優しい感じのビールかなと思いました
まろやかな感じで飲みすぎてしまいそうな感じのビールですね
",,"これをみると何年か前のCMソングが脳内で流れてきます。
当時はまったくビールがのめなかったのに、今ではだいぶのめるようになりました。

家事があらかた終わった頃に、キッチンでぐびっとのむのがたまらなく美味しいですね。",,休日のお出かけの帰りにサラーっとしたビールが飲みたくなって買ってみました。スッキリ爽やかな味で、ごくごく飲めるのが良いですね。晴れた日の休日のビールに乾杯🍺🎶🍺🎶🍺　暑いけどお外で飲むの最高です！！,,"確か何かで貰った『クリアアサヒ』
CMの印象的なオリジナルソングがやたら耳に残るので名前だけ知っている人も多いはず。
新ジャンル？みたいですが、ビール系のジャンルが細かすぎてよく分からんわ(・・?)
ビールにそんなに詳しくない私からすればほぼビールです。
なんならこっちの方が飲みやすいくらい。
クリーミーな泡に苦味もほぼなく、すっきりした飲み口です。
ビール好きさんには薄いんじゃないかな。
途中からレモンを加えてレモンビールに♪
イメージは外国のビールの瓶にレモンとかライムをinしてる感じ。
すっきりマシマシで夏にピッタリです。",,"名前のクリアアサヒと言うように、すっきりとした味わいで、飲みやすい。
ビールと比較すると、物足りない感じはあるが、軽い飲み味なので、ゴクゴク飲める。
ビールの苦味が苦手な私には、もってこいの商品。
",,"クリアアサヒというネーミングなだけあって、すっきりしています。炭酸もちょうど良く、まろやかな味わいです。
暑い夏の日にゴクゴク飲めてしまいます。
アルコール度数も5%なので、すぐに酔わずに楽しめます。",,"かすかな麦芽とホップの香りが漂い、同時に麦芽の味わいも口の中で広がります。
泡が繊細でクリーミーなので唇にまとわりつき、これも雰囲気が出て本格的な感じです。
雑味が全くなく、すっきりしてのどごしが良いです。[クリア]の名前がピッタリで、食事の味を邪魔しない感じです。あっという間にゴクゴク飲み干してしまいます。",,軽く食事と合わせて、楽しめるところがよいです。存在感が強過ぎず、サラリと飲めてしまいます。好き嫌いが少なく、人にも薦めやすいところが気に入っています。,,とてもすっきりしていて飲みやすくグビクビ飲めてしまいます。それでいてコクやキレも程よくあるので我が家の発泡酒となっています。コマーシャルも分かりやすくて良いです。,,商品名の通りクリアですっきりした味わいで、軽い口当たりの飲みやすいビールです。コクや辛み、キレがあるビールが好きな方には、少し物足りなさを感じるかもしれないです。「ちょっと酔いたい」というときにぴったりだと思います。,,"暑くなってきて、クリアアサヒを飲みたくなり購入しました。やはり買って正解。クリアな味、そしてビールを飲んでいるかのような爽快感。キレもあって、ゴクゴク飲めます。
やっぱり美味しいです。これからの季節にピッタリですね。",,"発泡酒ですがビールの味わいがあり値段が安いのでよく買います。
名前のとおりすっきりしていてキレがあります。
ほんの少し苦みもありビール気分が味わえます。
料理にも合いますね。",,クリア、というだけあって、喉越しがよく、すっきりとした味わいです。アルコール度数が低くないので、すっきりとしてはいますがのみごたえもあります。,退会済ユーザーです,,後味がよく、飲みやすいです。値段も安く、毎日のように飲んでいます。ビールが苦くて飲めない人はこの商品で慣れていくといいと思います。,,アサヒから美味しい新ジャンルビール！パッケージの泡の感じがクリーミーで興味をそそられます！一口飲んだ印象はキレが良く爽快な仕上がりです！コクもあり後味もスッキリしているので飲みやすいかと！のどごしも良いので生ビールとクリアアサヒを同時にグラスで出されてもどちらが生ビールか新ジャンルかわからない人もいると思います！缶で冷やして飲むのも美味しいですが、キンキンに凍らせたジョッキで飲むとさらに美味しく本格的な感じを楽しめます！食事との相性も良く非常に良く出来た新ジャンルビールです！,,商品名の通りクリアな味で、後味もとてもスッキリしていて、ビールが苦手な人でも飲みやすいと思います。もう少しコクや味わいが強いといいなとと思います。,,スッキリしていて後味があよく、確かにクリアな味です。コクや苦みを期待するとちょっと物足りないかも。パッケージのクリーミーな泡と黄色い液体の写真がおいしそうで好き。,,クリアアサヒというように、スッキリとクリアな味が特徴です。ビールに比べると薄いことは否めませんが、その代わりにゴクゴクと飲める良さがあります。後味も良く、お風呂上がりに飲むのに適しています。,,"クリアアサヒ、久しぶりに買ってみました。ビールのような苦味が好きな人には物足りないと思いますが、逆に苦味が強いのは苦手という人には良いと思います。ネーミングの通り、クリアな味わいの発泡酒です。
個人的にはもう少しパンチの効いている方が好みですが、ちょっと一杯飲みたい時等には、さらりと飲めてちょうど良いように思います。今まで「クリアアサヒは薄いからな～」と毛嫌いしていましたが、ちゃんと味わってみると、さらっとしていても安っぽい訳ではなく、味の質は悪くないですね！
コスパも良いので、また時々購入したいと思います。",,爽やかで、雑味がなく、後味がスッキリしているため、ゴクゴクと飲めるのが嬉しいです。第3のビールの数ある中で、クリアアサヒは味のバランスが良いと思います。自分的には夏向きかな？,,発泡酒にしては飲みやすく喉越しもよくて美味しいです。普段に飲むのに主人用に冷蔵庫にストックしてあります。ビールも発泡酒も我が家ではアサヒさんしか飲まないので発泡酒もアサヒ。クリアアサヒはコスパもよく助かります。あまりコクは麦の味はビールよりはないですが発泡酒では美味しいと思います。,,炭酸が強くて雑味がなくてコクとキレがあって苦みも少なくてスッキリして飲みやすくて美味しいです。ごくごく飲めてのど越しが爽やかで美味しかったです。又リピートしたくなります。,,"櫻井くんと高畑充希さんが美味しそうに飲んでいるコマーシャルが印象的で、つられて購入してみました。
グラスに注ぐと泡立ちが良く、とてもクリーミーです。スッキリとしたのど越しで、お酒が苦手な方でも優しい味わいで飲みやすいと思います。第三のビールなので価格も良心的です。",,スッキリとした味わいです。すこしコクが不足していて水っぽいような感じもします。のどごしが良いのでごくごくと飲めます。香りも良いと思いました。,,キレが良く、後味がさっぱりしているため、ゴクゴク飲み進められるのが嬉しいです。第3のビールをうたった商品も各社色々ありますが、クリアアサヒはその中でも味のバランスが良く、飲みごこちもいいのでおすすめできる商品です。食事との相性もいいので食卓にプラスするのもいいですね。暑いときに飲むと格別です。,,キレが良く、後味も良くとても美味しかったです。値段も安く我が家では決まってこちらの銘柄をもう何年も常備しておりとても助かってます。これからも愛飲していきたいお酒です！,,"さっぱりしていてゴクゴク飲める、クリアアサヒ。
夏場や暑い日には冷して飲むと最高ですね。
ビールと比べると味はちがいますが
第三のビールの中では美味しいです。",,泡が三割液体が7割の黄金比率に注がれたビールジョッキのようなクリアアサヒの定番デザインがまず目を引きます。缶のまま飲むのであれば発泡酒自体が見えないのですが、それをデザインによって補って食欲をそそる一役となっていると思います。,,安定の美味しさです。缶を開けるとホップの香りがふわっと香り、コクの中にもキレがあり、のどごしも良いので、喉が乾いている時でもゴクゴク飲めます。,,"ビールに比べてやや水っぽい面はありますが、のど越しが良くごくごくのめるのでよいです。
お値段もビールに比べると安いので、家計が助かります。
",,さっぱりとした飲み心地です。ビールに比べるとかなり薄めな味かもしれませんが、のどごしが良いのでゴクゴクいけます。コスパも良く、安心して飲めるのも良いです。これからの暑い夏にはリピートしたい商品です。,,さっぱりしていて美味しかったです。飲みやすいのでゴクゴク飲めます。昔からあるのでやっぱり味も満足感がありリピーターが多いんじゃないかなと思います。,,"もう何年も前に何度か飲んだことがありますが、スッキリしてたけどコクがなく味が薄い感じで好みではなかったので、それ以来ずっと飲んでませんでした。
先日、友達が持ってきたので久しぶりに飲んでみると、結構コクがあって味があったので、これならいけると思いました。
ビールと比べると味は2割引かな〜。でも、お値段は4割引なので⭕️いいかな。",,さっばりしてて喉越しが良いです。コクやキレはあまり感じられませんが、コストパフォーマンスが良いので助かります。夏場にキンキンに冷やして飲みたいと思います。,,前から好きなブランドで時々買っていましたが、新しくなったということなので飲んでみました。新しくなる前のものとその場で飲み比べられれば違いがわかったかもしれませんが、以前のものとイマイチ違いがわかりませんでした。ただ、前から好きな味だったので新しいほうもすっきりとした味でキレがあり美味しくて飲みやすいです。,,スッキリ爽快な新ジャンルビールです。苦味や辛味が少なく飲みやすいと思いました。ビールにコクを求めるかたには物足りないかもしれませんが、スッキリサッパリした味が好みのかたにはオススメです。,,お値段が安いのでよく購入しています。麦の香りやコクはあまり感じませんが、苦味がほどよくあるので、喉越しも良いです。スッキリとした味わいなので気に入っています。後味も苦味が少し残り良いと思います。,,第3のビールにしてはキレがあり、飲みやすく美味しいです。やはりビールに比べるとコクが少したりないですが、苦味やのどごしなどは充分感じます！発泡酒は安いので、我が家の夕飯には定番ビールです！,,"麦の風味は少々薄めですが、キレがあってのどごしが良く、よく冷やして飲むと美味しいです。
コスパも良いので家族みんなで毎週末飲んでいます。",,常備菜ならぬ常備酒としてケースで買っています。ビールのようなコクやスーパードライのようなキレはありませんが、後味が良くて飲みやすく、悪酔いもしにくいです。,,発泡酒の中ではこちらの商品が一番好きです。クリアアサヒは限定商品もいろいろ出ていますが定番のこちらが一番お気に入りです。コスパが良くこれからも飲み続けたいです。,退会済ユーザーです,,スッキリとしてキレがあると思います。ビールを飲みたいけど、お財布事情で発泡酒を飲んでいます。あれこれ飲み比べてみて、行き着いたのがこちらの商品です。食事にも合うし、もちろんおつまみと一緒でもOKです。,,旦那も私もアサヒ派なのでいつも購入しています。クリアアサヒはキリッとスッキリとしていて、とても飲みやすいです。ビールの方がおいしいのはわかりますが、お財布事情（笑）と、あと発泡酒くらい軽めのほうがご飯にも合う気がしてリピートしています。,,"これぞ定番といった感じのビールですね！
クセが強くなく、とても飲みやすいので、油っこい料理の時にはよく飲みます。
冷蔵庫でキンキンに冷やして飲むと、最高です！
個人的には、あまり値段が高くないのも嬉しいです！",,キレがよく、スッキリとした味わいです。のどごしもよく後味がないので、いろいろな食事との相性もバッチリだと思います。値段も手頃だし、これからの鍋のシーズン、たくさん飲みたいです。,,"ビールが得意ではない私でも、飲みやすいと感じます。
コクやキレ、後味もスッキリ
この時期、鍋との相性も抜群！
またリピしたいです。",,"コクやキレ、苦味はそれほど強いビールではありません。でも、ごくごくと飲むにはとても飲みやすいのどごしの良いビールです。名前のクリアというのが本当にあうなと思います。
パッケージの黄金色のビールの色も美味しそうでついつい飲みたくなってしまいます。
また、新ジャンルということでお値打ちなのも嬉しいですね。",,"スッキリした味わいで、飲み口は爽快です。
喉越しも良く、ゴクゴク飲めます。
ビールの苦味が好きな方は、物足りないと思います。
逆に、苦味が苦手な方にはとても飲みやすいと思います。",,"とてもすっきりした味わいで、苦みが少ないのでビールが苦手な人にはいいと思います。
私はビールの苦みが好きなので、物足りなく感じました。",,炭酸が強めで、スッキリと雑味のない味わいでどんな食事にも合います。クセがないので、ゴクゴクと最後まで美味しく飲むことができます。,,"炭酸がきいていて、スッキリ飲むことが出来ます。
晩酌の時に飲んだりしていますが、濃いめの味付けのおかずにも良く合います。
夏の暑い日に飲むと、スカッとしてとても美味しくいただけました。",,お酒に詳しくはありませんがこのクリアアサヒは炭酸が強くスカッと爽快な飲みごたえでした。ビールとの違いなどは私にはわかりませんが癖がなく飲みやすかったです。,,きれがあり、炭酸が強めで口が刺激されて目が覚め、リフレッシュできます。風呂上がりに飲みたい味です。ビールよりも苦味が少なく、飲みやすいので好きです。,退会済ユーザーです,,炭酸が強めで、クセもなく、すっきりとした美味しさで、食事にもよく合います。そして、価格も安いので、ついつい買ってしまいます。,,"第三のビールも悪くないなと思った商品です。
同じアサヒでもスーパードライのような辛口でパンチがある味ではありませんが、飲みやすくてそれなりにビール感もあります。
価格も安いですしおすすめです。",,"商品のCM文句と商品の中身が一致すると、私はその企業に対し信頼感を覚えます。なぜなら自分が作った商品の実態をコピイライターに伝えることもできずに、一般客に売ったって売れるわけがないといったことからです。ビールの場合も例外ではないと思っている。このクリアアサヒはいい例で、「爽快なキレ飲みごたえ」ですが私の飲後感とも一致する。




このビールのキレは普通ではなく、思わず発泡酒かと疑いたくなるほど。そのせいかのど越しがよく後味がとてもよい。いろんな料理が美味しくなるビールだ。家族が集まって会食するときは、冷蔵庫に各種にあるビールを勝手に持ち出して飲むが、クリアアサヒをとってくる人が多いことからもわかる。そればかりか安価と来ているので有難いこと限りなし。




「能ある鷹は爪を隠す」というが、実力派の発泡酒はとやかく言わなくとも酔客のターゲットになるということかと思っている。
",,"コクもありしっかりとした苦味もありビールに近い味です。炭酸強めでのどごしもよいです。
爽快感を感じる爽やかなパッケージで売り場でも目を引くデザインです。値段もお手ごろなのでよく購入します。",,"我が家の定番のビールで、発泡酒の中でも比較的ビール感があり、スッキリしているのでゴクゴク飲めます。
そして何よりも値段が手頃なところがいいです。",,"苦味や辛味がなくスッキリした味で飲みやすくゴクゴク飲めます。
爽やかでキレがよいのでビールが苦手な方には飲みやすいと思いますがガツンとコクのあるタイプが好きな方には物足りないかと。
甘じょっぱいおかきとの相性はバッチリでした。",,クリアというネーミングどおりで、さっぱりとした味わいです。コクと苦味はありますが、やや弱いのでゴクゴクと飲めますね。スキッとしててキレがある製品が好きであればリピーターになるレベルです。,,雑味がなく後味すっきり炭酸強めでゴクゴク飲めると思います。ビールらしい苦みもきちんとありますが後に引かない。暑い季節にとても美味しいです。,,さっぱり飲めます。コクがしっかりあって苦味も強いのがお好きな方よりかは、水みたいにごくごく飲めるようなのが好きな方におすすめです。クセがないので、お食事中に飲むのにぴったりです。,,食事に合うので、家での夕食でお酒を飲むときはほぼ毎回買っています。あまり主張しない感じが好みですね。ビールは１本くらいしか飲まないのですが、これなら２〜３本は飲めます。,,"夕飯のお供にもってこい(^o^)毎度ケース買いです。
クリアなのどごしとキレが餃子や唐揚げと言った脂料理にぴったりで、
スッキリとした味わいに食事がますます進みます。
何よりスーパーで気軽に手に入り、安価でこの満足感なので家族全員に好評です。",,"本日、夕飯の時にいただきました。随分前に飲んだ時よりも大変美味しくなったような気がします。（味が変わったのかはわかりませんが）
新ジャンルビール（発泡酒など）独特の後味は好きではないのですが、このクリアアサヒは独特の後味が無く、爽快で発泡酒の中ではお気に入りの一つです。
",,"すっきりさっぱりのどごしがよいです。
クリアアサヒというネーミングの通り雑味のないクリアな味。
暑い夏にごくごく飲みたくなる飲料です。",,"コクはあまり感じられませんでしたが、キレがあり爽快感があります。
後味も良いと思うので、ごくごく飲み進めることができます。",,"私の中でクリアアサヒは「軽くて飲みやすい」イメージです。
よく「ビールはのど越し」と言いますが、コクのあるビールはゆっくり飲みたいので、ゴクゴク飲むならクリアアサヒ！(^▽^)/

ビールの苦味が主張しすぎないので、どんな料理にも合う♪
のどが乾いた時、ご飯を食べながら、ゆっくり過ごしたい時、いろいろなシーンで楽しめるカジュアル感があります。
パッケージのビールのゴールドと泡の白もシンプルで好きです。",,"スーパーで購入しました。さっぱりとしていて飲みやすいのでゴクゴクと飲めます。
キレが良く、喉越しや後味も悪くないと思います。",,爽やかで切れがあり雑味がなく優しい飲み心地の発泡酒で、安価なので続けて飲んでも家計にも優しいのでいつも冷蔵庫に入れて置ける。,,"クリアアサヒはコクはさほどあるように思いませんが、キレがあり、ごくごくーっと飲むと爽快感があり気に入っています。味は濃すぎす、後味がスッキリしています。お料理の邪魔をしないくらいスッキリしているので晩酌にも良いですね。
クリアアサヒは色んな種類が限定で出たりしますが、このクリアアサヒのおいしさを知っているのでちょっと試しに買ってみようかなとなりますね。元祖クリアアサヒとでも言いましょうか。
出た当初から気に入っていて、クーリアアサヒが家で冷えてる～のCＭのイメージもあってか、勝手に楽しくなるお酒です。",,"いつもよく買う銘柄です。
個人的にはスッキリとしてとても飲みやすいです。
キレがあるので、仕事終わりとか疲れているときに飲むと最高ですね！",,NEWと書いてあるので、新しくなったのかしら？と思って買いました。飲みやすくて美味しいです。やっぱり発泡酒を昔から作ってきているので、安定した定番の味がホッとします。クリアアサヒシリーズは多く出ているので、いつも買うのに迷うほど。それはそれで選ぶ楽しみがあるのでOKですが…♪,,さっぱりとして飲みやすいと思います。なんとなく「クリア」なかんじがします。宣伝の「爽快なキレと飲みごたえ」も言われてみれば、そんな気もします。ただ、飲みごたえは発泡酒としてはあるけど、どちらかというとさっぱり感の方が強い気がします。,退会済ユーザーです,,"いつも家で呑む時はクリアアサヒです。
他の発泡酒に比べて、ビールに近くて美味しい♪
後味もすっきりしてて飲みやすい♪
お値段も安いのでコスパ◎♪
これからもこれを買い続けます〜♪
",,スッキリとした喉ごしがあります。第３のビールですが、しっかりとホップのうま味が味わえるところが良かったです。いろんなお店に売っているので、すぐに買って飲めることができて良いです。,,第３のビールでありながら、キレやのどごしも良く、本当のビールを飲んでいるような満足感が得られます。お酒があまり得意じゃない方や、女性などにもおすすめできるお酒です。価格も実際のビールより、安く購入できるのがすごくありがたいです。,,"新ジャンルも次々といろんな限定品とか出てくるのでしばらく飲み比べを楽しんだりしていましたが、久しぶりにスタンダードなクリアアサヒに戻ってみました！
10年くらい前発売当初に初めて飲んで新ジャンルでも充分！って思うきっかけになった商品です。
缶の左上に「NEW」とありますが、大麦の量が増えたようですね。
たしかに以前よりちょっと麦のうまみが濃くなったような気がしないでもないです(^-^)
でもクリアアサヒならではのスッキリクリアな飲み心地の良さは健在。
雑味がない爽快さがいいです。
苦すぎず、嫌みひとつない感じです。
今日は焼き肉と一緒にいただきましたがやっぱり脂っこい料理やこってり系のおつまみにはクリアアサヒが合うなぁ～と。
少しぬるくなっても味が変わらないのもいいところ。私みたいにチビチビゆっくり飲む派にはピッタリ。
アルコールも5%でちょうどいいですしね。
夫も、やっぱ間違いないよねと改めて飲みやすさを実感しているようでした。
",,キレもあって良いのですが何より驚くのは香りです。本当のビールのような香りがします。炭酸も程よく、すっきりしているので天ぷらなんかと食べると最高です！,,苦みとコクをちょっと感じますが、全体的にはすっきりした味です。炭酸の強さと少しの酸味を感じますが、後味も嫌な味が残らず、すっきり飲めました。,,第三のビールながら、刺激的な炭酸強さとキレの良さで満足感を与えてくれます。さっぱりしていてどんな食事にも合うので、お気に入りです。,,我が家の定番の第三のビールの一つであるクリアアサヒですね。何回かリニューアルを繰り返している中でキレがどんどん本格的になっている気がします。のどごし良い感じかな。,,軽い味で、発泡酒らしい味と言ったら良いでしょうか。ビールっぽさや味わい深さを求めるときでなく、発泡酒で軽く飲みたい、クーッとキレを味わいたいというときに良いと思います。何気にこのパッケージが味をよく表していると感じます。,退会済ユーザーです,,安くて美味しいので、時々購入しています。全体的に、飲みやすく、濃くは、それほど感じられませんが、喉ごしがよく、キンキンに冷やして飲んでいます。やわらかい感じなので女性の方にも、おすすめです。,,無難な味ですが、逆に特徴がない味ともいえます。発泡酒に味を求めるのは贅沢かもしれませんが、全体的に味が薄く感じられます。,,すっきりとしたのどごしと味わい、後味で料理の邪魔をしない味でした。アルコールもそんなに強くないので飲みやすいです。あっさりすっきりという感じです。,,先日、ホームパーティーＢＢＱにて差し入れでいただきました。普段の晩酌は、アサヒスーパードライを飲んでおり初めて飲みました。びっくりしたのは、コクや喉ごしのきれがよくお肉料理にもとても相性が良かったです。アルコール分5％の発泡酒とは思えない味わいでした。お値段も安いとの事なので普段の晩酌もこちらに移行しようかなと思います。,,普段はプライムリッチを飲んでいますが、気分転換にクリアアサヒを久しぶりに飲んでみました。以前よりビールに近い味になっているようで、十分楽しめました。何よりも、価格がビールと比較すると大幅に安価なのが嬉しいです。缶は特別デザインでした。,,アサヒらしい辛口でキレがあり飲みごたえがある商品ですね。暑い日にグイグイ飲みたいときにピッタリかなと思います。後味もスッキリしています。コクはあまり感じないのですが。。,,地味にマイナーチェンジを繰り返し地道に進化している商品だと思います。コクはまずまずですがキレがありビールテイストをそこそこ楽しめます。アルコール度数は低めなのでガッツリ酔える感じではありませんがどんな料理にも合うと思います。,,"久しぶりに飲んでみましたが…以前より美味しくなった気がしました。
第三のビールも各社しのぎを削って製品作りに取り組んでいるようですね。
アサヒらしくキレがあって飲みやすかったです。",,"すっきりとした後味の第3のビールです。私の良く行くスーパーで170円くらいで買えます。
安く切れのあるビールを飲みたい方にオススメです",,すっきりした味わいと喉ごしがクセになります。炭酸がしっかりしてる感じがするのでこれからの暑い季節にピッタリだと思います。,,"飲んだ第一印象はとにかくクリーミーな感じののどごしで、さっぱりとしたちょっと甘めな感じの発泡酒でした。
辛口党の方にはオススメできない感じです。",,第３のビールなので、値段が安かったです。すっきりしていて飲みやすく、炭酸もしっかりとあるので、爽快感があってよかったです。夏に飲みたいビールです。,,第三のビールということで値段も安めですが、味やのど越しはおいしく、コスパは十分だと思います。私のように質より量な人はこれで十分だと思います。,,"第３のビールをいろいろと飲んでいますが、こちらはとてもすっきりした飲みごたえです。
お食事にもよく合います。
ついついたくさん飲んでしまうぐらいです。
",,"コップに注ぐと泡立ちがよく、シュワシュワという炭酸の音が心地良いです。
中身そのものを表しているようなパッケージデザインも爽やかで
見ていると飲みたくなる気持ちが高まります。

第３のビールですが、苦味は抑えられていて麦の香りと旨味が楽しめます。
強すぎない炭酸も、のどごしが良くて飲みやすいです。
キレがあり、雑味がなく癖がないところが食事に合います。
アルコール度数が５％なので、後味もすっきりです。
程よく酔えるところも良いと思いました。
",,普段はアサヒスーパードライを飲んでいますが、量を飲みたい時はコレですね。アサヒスーパードライ同様、喉越しがよく、後味がスッキリ。毎日飲んでいます。缶のデザインも爽やかですね。新ジャンルの中ではダントツ1位です。,,"キレがあり喉ごしがよく、ついつい何本ものんでしまいます。一番好きな第３のビールです。味に雑味がなくすっきりしていて、パッケージのイメージがぴったりだと思います。
",,普段はサッポロ党なので手を出さないのですが、知人に勧められて試してみた。美味しいじゃあないですか。ちょっと見直しました。ローテーション入り確実。,,"キレ味がすばらしく、ついついもう1本とのんでしまいます。のどごしすっきりです。
値段もお手頃で、とっても満足できる発泡酒です。",,毎日飲んでいます。うちの旦那はほんとうならばアサヒスーパードライが大好きな人なんですが、このクリアアサヒなら代わりになるといって毎日飲んでいるくらいなので、第三のビールといえどもおいしいと思います。スーパードライ好きならおすすめですよ！,,苦味もないしクセもなくスッキリ感があるので飲みやすいです。女性向きかもです。価格的には買いやすいのでたまに買っています。,,"コマーシャルは好きなんですが、味が好みではありません。ビールっぽいものを期待している人には合わないと思います。
アルコール入り炭酸飲料として飲むには良いかも。",退会済ユーザーです,,"軽くて、さらっとして飲みやすいです。喉ごし、後味もよいです。""爽快なキレと飲みごたえ""というキャッチフレーズ通りです。
ただ、旨味やコクはもの足りないです。夜に飲むともっと飲みたくなってしまうかもしれません。なので、シーン的にはどちらかというと昼間に軽く飲みたい時(ランチ、ＢＢＱとか)にあっているんではないでしょうか。
飲みやすくてほとんど苦みもないので、お酒が強くない人、ビールが苦手な人には、ちょうどいいかもしれません。",,"炭酸が強めで、麦っぽくない風味と苦みが特徴です。
全体的に、さっぱりしていて、爽快感がありました。
ビールの苦みが、苦手な人はいいんじゃないんでしょうか？",退会済ユーザーです,,"冷凍庫でキンキンに冷やして飲むと、喉ごしもよくて、それなりに飲みやすいとは思います。
なぜか飲みきる直前に変な後味が残って、自分には合いませんでした。プライムリッチのほうは美味しく飲めたのですが。。",,すっきりクリアなクリアアサヒはクセがなく苦みもほとんどなくごくごく飲みやすい新ジャンルです。第3のビールの中で気に入っていよく飲んでいます。このすっきり爽快な感じは夏の暑さの中で飲むのに合ってる気がします。,,"値段の安い『第3のビール』その中でも特に友人にも評判がいい商品です!
発泡酒にもよく感じる雑味がなく素直においしいと思います。
『クリア』のネーミングは非常に的を得ていてついつい買ってしまいます。",,発泡酒ですが、味わいがビールに近くておいしいです。キレは少ないですが、決して物足りなくはないです。麦の香りがしてよいです。,,以前はスーパードライを飲んでいましたが、最近は値段も手頃なのでクリアアサヒを気楽に飲んでいます。香りはよくてのど越し、キレがいいので、あまり飲めない私でもこれからの季節はおいしいです。コクが少し足りないかな？と思うが発泡酒の中で1番好きです。,,"軽くて、さっぱりしていて飲みやすいのですが、それだけという気がしないでもないです。コクは物足りないですし、香りもなんか微妙。ただ、のどごしはいいので、ゴクゴク気軽に飲めていいのかもしれません。
",,飲みやすくクセのないビール飲料（発泡酒）です。泡の肌理が他の製品より細かいような気がします。冷蔵庫でギンギンに冷やして飲むと十分においしく飲み応えもあります。,,さっぱりしていて、とても飲みやすい第三のビールだと思います。ちゃんと麦の味もします。定番商品なので、飲み会などで買っても間違いはないと思います。,,クリアアサヒは、喉ごしのよい発泡酒です。その味はとっても、すっきりしていて爽快感があります。何時もこの飲み物で、気分を癒されています。,※特徴は2023年4月19日以降のレビューで算出,シェアビュー公式アカウント,,発泡酒・新ジャンル
