お菓子･アイス･飲料･乳製品 など,レジャー･道の駅 など,日用品･ベビー用品･サービス など,糖質対策など健康を意識した商品,※レビュー5件以上が対象,香り：7.69 %,香り：7.14 %,香り：6.67 %,香り：3.33 %,香り：0 %,香り：66.67 %,香り：40 %,香り：36.36 %,香り：35.42 %,香り：22.86 %,香り：22.22 %,香り：21.31 %,香り：20 %,香り：18.87 %,香り：17.5 %,香り：16.67 %,香り：16.67 %,香り：16.67 %,香り：16.67 %,香り：15.25 %,香り：14.29 %,香り：12.5 %,香り：11.54 %,香り：10 %,香り：7.69 %,香り：7.14 %,香り：6.67 %,香り：3.33 %,香り：0 %,香り：66.67 %,香り：40 %,香り：36.36 %,香り：35.42 %,香り：22.86 %,※レビュー5件以上が対象※2023年4月19日以降のレビューが対象,コク：13.21 %,コク：12.5 %,コク：2.78 %,コク：0 %,コク：0 %,コク：81.25 %,コク：80.77 %,コク：60 %,コク：54.55 %,コク：45.9 %,コク：45.71 %,コク：40 %,コク：33.33 %,コク：33.33 %,コク：30.77 %,コク：30 %,コク：26.67 %,コク：25 %,コク：18.64 %,コク：17.86 %,コク：16.67 %,コク：16.67 %,コク：14.29 %,コク：13.33 %,コク：13.21 %,コク：12.5 %,コク：2.78 %,コク：0 %,コク：0 %,コク：81.25 %,コク：80.77 %,コク：60 %,コク：54.55 %,コク：45.9 %,※レビュー5件以上が対象※2023年4月19日以降のレビューが対象,キレ：16.67 %,キレ：16.67 %,キレ：12.5 %,キレ：0 %,キレ：0 %,キレ：76.67 %,キレ：60.71 %,キレ：60 %,キレ：54.24 %,キレ：49.18 %,キレ：42.86 %,キレ：40 %,キレ：40 %,キレ：38.46 %,キレ：38.46 %,キレ：37.74 %,キレ：35.42 %,キレ：35 %,キレ：34.29 %,キレ：33.33 %,キレ：30 %,キレ：29.17 %,キレ：28.57 %,キレ：22.22 %,キレ：16.67 %,キレ：16.67 %,キレ：12.5 %,キレ：0 %,キレ：0 %,キレ：76.67 %,キレ：60.71 %,キレ：60 %,キレ：54.24 %,キレ：49.18 %,※レビュー5件以上が対象※2023年4月19日以降のレビューが対象,のどごし：35.42 %,のどごし：33.33 %,のどごし：28.57 %,のどごし：20 %,のどごし：20 %,のどごし：100 %,のどごし：86.67 %,のどごし：69.81 %,のどごし：69.23 %,のどごし：64.41 %,のどごし：60.66 %,のどごし：57.5 %,のどごし：57.14 %,のどごし：56.25 %,のどごし：54.29 %,のどごし：53.33 %,のどごし：52.78 %,のどごし：50 %,のどごし：50 %,のどごし：50 %,のどごし：50 %,のどごし：46.43 %,のどごし：43.33 %,のどごし：36.36 %,のどごし：35.42 %,のどごし：33.33 %,のどごし：28.57 %,のどごし：20 %,のどごし：20 %,のどごし：100 %,のどごし：86.67 %,のどごし：69.81 %,のどごし：69.23 %,のどごし：64.41 %,※レビュー5件以上が対象※2023年4月19日以降のレビューが対象,コスパがいい：24.53 %,コスパがいい：17.86 %,コスパがいい：16.67 %,コスパがいい：13.33 %,コスパがいい：0 %,コスパがいい：71.43 %,コスパがいい：66.67 %,コスパがいい：61.02 %,コスパがいい：57.14 %,コスパがいい：50 %,コスパがいい：46.15 %,コスパがいい：45.45 %,コスパがいい：40 %,コスパがいい：40 %,コスパがいい：40 %,コスパがいい：39.58 %,コスパがいい：39.34 %,コスパがいい：38.89 %,コスパがいい：36.67 %,コスパがいい：33.33 %,コスパがいい：33.33 %,コスパがいい：33.33 %,コスパがいい：32.5 %,コスパがいい：25 %,コスパがいい：24.53 %,コスパがいい：17.86 %,コスパがいい：16.67 %,コスパがいい：13.33 %,コスパがいい：0 %,コスパがいい：71.43 %,コスパがいい：66.67 %,コスパがいい：61.02 %,コスパがいい：57.14 %,コスパがいい：50 %,※レビュー5件以上が対象※2023年4月19日以降のレビューが対象,リピートしたい：20 %,リピートしたい：16.67 %,リピートしたい：16.67 %,リピートしたい：7.14 %,リピートしたい：0 %,リピートしたい：50.94 %,リピートしたい：50 %,リピートしたい：47.5 %,リピートしたい：46.67 %,リピートしたい：45.45 %,リピートしたい：43.75 %,リピートしたい：40 %,リピートしたい：40 %,リピートしたい：38.46 %,リピートしたい：38.46 %,リピートしたい：37.14 %,リピートしたい：33.33 %,リピートしたい：33.33 %,リピートしたい：30 %,リピートしたい：28.81 %,リピートしたい：28.57 %,リピートしたい：25 %,リピートしたい：24.59 %,リピートしたい：22.92 %,リピートしたい：20 %,リピートしたい：16.67 %,リピートしたい：16.67 %,リピートしたい：7.14 %,リピートしたい：0 %,リピートしたい：50.94 %,リピートしたい：50 %,リピートしたい：47.5 %,リピートしたい：46.67 %,リピートしたい：45.45 %,※レビュー5件以上が対象※2023年4月19日以降のレビューが対象,発売日：2023.12.01,メーカー：サッポロビール,アルコール度数/カロリー（100mlあたり）：5%/42kcal,原材料：発泡酒（国内製造）（麦芽、ホップ、大麦）、スピリッツ（大麦）,2020年2月4日発売、2023年12月リニューアル,お風呂上りに最高の気分,黒ビールにちょっぴりキレが加わって、夏向きのビールです。お風呂上りにゴクゴク飲めるさっぱりさがとても好感度高いです。エビスと黒ラベルのコラボも他では味わえない味となっています。,お値段以上,あ、これはいいですね。キリンラガーなどの苦味のあるビールが好きな人にはおすすめです。ビールではないという感じは否めませんが、第３のビールでこの出来はすばらしいと思います。,苦みよし,"ホップの苦みがほどよく、料理にも合うし、つまみ無しでシンプルにビールだけ味わうのも良し。

予想以上に苦みが美味しく味わい深い。

第3のビールの中では、かなりレベル高い味。

かなりリピートしたい味です。",購入場所：マルエツ,テレビ番組で取り上げられていて,"テレビ番組でサッポロの社員がゴールドスターをメインに取り上げる特集を観ました。発泡酒でありながらビールの美味しさをしっかり楽しめるという話でした。
ビール好きならやはりサッポロを推します。",キリっとうまい,最初は缶のデザインに惑わされているのではないかと錯覚しました。でももちろんグラスに移して飲んでもやっぱりうまい。これは本物です。すっきりとしたのど越し。ごくごくいけちゃう旨さ。これから本格的に暑くなってくると、どれほど旨さが増すのだろう。楽しみで仕方ない。,企業に伝えたいこと：※ログインするとレビューが見られます,購入場所：ドラグストア,ビールと何が違うのだろう,"最初の出逢いは特売してたから、初めて飲んだ時は、え、ビールじゃないんだよね!?と思わず缶を見直しました！美味しかったんです！ビールと何が違うの!?
後でCMを見てエビスと黒ラベルのいいとこ取り！
ってなるほどね！
もうずっとこれでいい！
政府の方、お願いだから、これ以上税率上げないで下さい！庶民の楽しみ奪わないで！",購入場所：ツルハドラッグ,喉の乾きをいやすビール,キレとのどごしがあっておいしく飲めます。苦味もあるけど重くはないです。なので、乾杯ビールとか喉の乾きをいやす飲み方をしたいときに最適！と思いました。後味もすっきりしてるんですよね、なのでいくらでも飲めてしまう感じ。逆に、味わいという点ではどうなんでしょうか、ゆっくりのみたいビールとは思えませんでした。アルコール度数5%もなぜか感じないというか。せっかく飲むならおいしく酔いたいですよね。,また飲みたくなる,ゴールドスターは出始めてからずっとリピートしています。新しくなってからコクがましたように感じます。新ジャンルならではのサイフにも優しく、また飲みたくなる発泡酒だと思います。,購入場所：スーパーライフ,しっかり味があります。,これはけっこう苦味が強く感じました。しっかりと飲みごたえがあって、まさにビールという感じの味に感じました。いつもフルーティーなビール飲むことが多いので余計にそういうふうに感じてしまったのかもしれませんが、しっかり味わいたい人にはおすすめです。,キレがあっていい,第3のビールなのでお手頃価格ですが、キレがあって食事にもよく合うしおいしいと思います。アルコール度数5%なのも高すぎずちょうどよく飲みやすいと思いました。,新しくなりました、美味しいです。,サッポロビールの星印が真ん中にゴールドで光っています。サッポロビールといえばエビスのホップの苦みと黒ラベルのさわやかな飲みやすさが印象的です。その良さを取り入れて、新しくなりより一層第三のビールからほぼビールに格上げです。,購入場所：ロジャース,リピート間違いなし！,コクがあるのに飲みやすく、どんな料理にもあう！なんだか高級感があるのに、ロング缶で200円ちょっとでお手頃価格でした。リピート絶対します。,新しくなったゴールドスター,"ゴールドスターさんは、結構早いペースで新しくなりますが、また新しくなったようです！ゴールドスターは、原料にこだわっているのになぜプレミアムビールではないの？というくらいの原料と味。キレもあるしビールのコクもあり、とっても美味しいです。それなのにコスパ良くておすすめです！
いままでも好きで購入していましたが、またリピートします。",購入場所：オーケーストア,芳醇で喉越しよく飲みごたえあります。,パッケージの星とGOLD STARの文字が鮮やかで店内でとても目立ってました。グラスに注ぐと泡が綺麗で口当たり良くクリーミーで喉越し良く、スッキリした後味で飲みごたえありました。クセがなく飲みやすく、食事が進みます。コストパフォーマンスが良いので助かります。最強の第３のビールです。クリーミー芳醇でアルコール度数５%飽きない味で料理に合い美味しいです。,バランスの良い第3のビール,麦の味、ホップの香り、強すぎないアルコール度数。コストパフォーマンスが良く、クセのない第3のビールです。最近はアルコール度数が高く、味の濃い賞品が多いですが、ふんわり芳醇でアルコール度数5%の感じが私にはちょうどよいです。飽きない味で、料理にも合うと思います。,キレがある,第三のビールと思えないほどしっかりとした、キレを感じられる商品です。ビールの味もしっかり感じられのみごたえがあります。美味しくて一本でも酔えます。,コクがあって飲み応えがあります,"新ジャンルとは思えないくらい飲み応えある
コク、深みを感じます。しっかりのどごしも
感じるし、コスパも良いので満足です。",購入場所：サンディ,泡がクリーミー！,"新ジャンルは価格も手ごろで美味しいものが多いのでいろいろと飲み比べています。
ゴールドスターは、泡がクリーミーで美味しいです。
クセのない味わいなので、そのままではもちろんですが食事に合わせてもよかったです。",泡がクリーミー,"ゴールドの星柄に黒帯にGOLD STARの文字が目に留まりました。缶のまま飲みましたが泡がクリーミーでのどごしがよく、すっきりした後味でした。エビスのホップと黒ラベルの麦芽、新ジャンルでも素材にこだわりを感じます。クセがないので飲みやすく、食事とも合わせやすいと思います。
",購入場所：ライフ,増税が悔やまれる,増税前に買ってみました。新ジャンルの中では、とてもバランスが良く、変なクセもなく、クリーミーな泡が美味しいです。企業努力でここまで美味しく作っているのに、増税で値上がりなんて残念です。,美味しい,増税前の駆け込みで箱買いしましたが、コクがあってまろやかな口当たりで美味しいです。増税により、少々高くなっても書い続けたいと思うお品です。,購入場所：ウエルシア,美味しさのバランス、味に安定感がある,クセがなくとても飲みやすいです。コク、キレのバランスが良く最後まで味が安定していました。新ジャンルの中でも高いクオリティの美味しさだと思います。,泡がクリーミィで爽快でビールに近い味わい,"程よいコクがあり、泡がクリーミィでのどごしが良く、爽快でビールに近い味わいがします。
新ジャンルの中ではトップクラスで好みの味わいです。
色々な店舗で販売されているので購入しやすいです。",購入場所：マルショク,喉ごしが良いです,"これって普通のビールだと思っていたのですがスピリッツなども入ったものだったんですね
お手頃価格で手に取りやすいビールです
第3のビールはあまり購入しないですが、そこそこ飲みやすく美味しかったのでまた購入してみてもよいかと思います",価格以上,新ジャンルはどうしても良し悪しが分かれるので、期待を低めに飲んで見ましたが、ゴールドスターはさすがすぎるくらい美味しいです。コクとキレがあり、良い香りもして、全てバランスよく飲みやすかったです。飲んだ後満足感がすごかったです。,コスパがいい,"少し前から発売されているこちらのゴールドスター、家では最近よくお世話になっています。
新ジャンルとしてはビールに近い味わいがあり、近所のスーパーでは500mlで180円程とコスパもよく普段使いには十分だと思いました。",サッポロいいとこどりの新ジャンルビール,"「サッポロ GOLD STAR (ゴールドスター)」

エビスのホップ×黒ラベルの麦芽　の掛け合わせで作られているらしい、サッポロの新ジャンルビールです。サッポロビールのいいとこどり、って感じですかね！
発泡酒や、新ジャンルのビールはあまり飲まないですが、期待が高まります。

まず一口飲んでみて、ふわっと華やかな香りに、おっ！となりました。そして適度な苦味にキリッときた喉越し。えーおいしい！
変な後味もなく、華やかながらもすっきりと飲みやすいビールです。",企業に伝えたいこと：※ログインするとレビューが見られます,喉越しがいい,普段からサッポロの生ビールをよく飲む訳ではないので謳い文句のエビスや黒ラベルの云々は抜きにしてもスッキリした喉越しで美味しかったです。クセのない飲みやすさの味わいなので食事とも合うしつまみだけで飲んでもいいと思いました。,購入場所：ビッグ・エー,コスパが良いです。,他の商品に比べ、安く売っていることがとても良いと思います。加えて、焼き鳥缶やベビースターラーメンなど、景品がついていることが多いのもありがたいです。,企業に伝えたいこと：※ログインするとレビューが見られます,購入場所：ミスターマックス,新ジャンルの中で1番ビールに近い味,新ジャンルは多種類のブランドが出てきているがその中で1番ビールに近い味だと思います。新ジャンルはスピリッツが入っており後味にスピリッツの雑味が感じられるが、この商品は全くスピリッツの味が感じられない。またうたっているエビスのホップ、黒ラベルの麦芽が一部だが使用されてるのがいいですね。,購入場所：業務スーパー,お手頃価格の第3のビール,香りとコクがしっかりと味わえる第3のビールで、とても飲みやすかったです。普通のビールよりお手頃価格なので、これからはこちらを優先的に購入しようと思いました。食事にも合わせやすいお酒ですので、ぜひオススメです！,美味しいです,"発泡酒は美味しいというイメージがなかったのですが、
エピスのホップと黒ラベルの麦芽を使っているという文言に惹かれて試しに買ってみたら、美味しくて驚きました。
普段はエピスビールが大好きでよく飲みますが、こちらの発泡酒なら、安くて美味しいのでありがたいです。
",購入場所：スーパーマーケット,苦味もあるしコクもある,"ビールの味って苦味、コク、キレ
くらいしか違いがわからないのですが
このゴールドスターは苦味もコク、キレも
全て揃っているので文句のつけようが
ないです。普段は軽めのビールが好きなんですがお好み焼きとか焼肉とかの
濃い味付けの料理には
これくらいのガツンとした飲み物が
よく合うと思います。
発泡酒なのでコスパが良いので
普段飲みに活躍しそうです。",缶に説明,黒ラベルが好きなので買ってみました。黒ラベルの麦芽とエビスのホップの良いとこ取りの新ジャンルです。黒ラベルと思って飲むと飲み応えはやはり無いのですが、価格に合った美味しさはありました。缶にしっかり説明が書いてあるので選びやすかったです。,ゴールドスター,飛び抜けて特徴があるとは言えませんが、口当たりは飲みやすく、適度なキレもあります。もう少し麦の量を増やしても良いと思います。値上げラッシュの中でコスパはそこそこでしょう。,手頃でオススメ,"エビスのホップと黒ラベル麦芽、それだけで美味しそうって感じさせてくれる、しかもコスパ良し！
さいこうですよね。
黒ラベルの力強さを感じる美味しいさだと思います。
パッケージもカッコいい。",購入場所：マックスバリュ,意外にいける,SAPPOROゴールドスターはCMで気になっていたので購入しました。味は思ったよりいけて、苦味渋味、のどごしもまあまあかなと言う感じでした。お安いので買いやすいと思います。,購入場所：やまや,さすがサッポロ。,ビールも値上がりし少しでも家計の負担を考えて購入しましたが、泡立ちも良くのどごしもいいです。一口目はフルーティーな感じですが苦みもしっかりありビールに劣らない濃い味わいで満足度が高い商品でした。,購入場所：フジグラン,リニューアルした後に買いました,香りやコクはビールとはひと味違う発泡酒です。炭酸が少し強めで喉ごし良くてキレがあります。後味はシュワシュワッとした後に苦みと麦の味が残ります。黒ラベルの麦芽とエビスのホップは一部、使用とあるので、あまり似ていないのも納得できますが、質感はまあまあです。,購入場所：オオゼキ,コクがあっておいしい,"第3のビールという位置づけですが、味もしっかりとしているのでおいしく飲めました。毎日飲むなら、お値段も安いのでこれで十分です。
",何でも相性が良い発泡酒,普段あまり立ち止まることのないコーナーですが、リニューアルしたとのことで大きく出る星のパッケージデザインに惹かれ購入しました。ビールテイストですが、ビールより美味しいです。苦みが少なく後味スッキリの飲みやすい発泡酒でした。酒のつまみではなく、普段の料理に何でも相性がよく美味しく飲む事が出来ました。,購入場所：フレスタ,ビールのような,発泡酒と言うが、かなりビールに近いと思います。香りも喉越しも良く、飲みやすいです。これならビールの替わりになるのではないでしょうか。お値段的にも満足できる商品です。,購入場所：ヤオマサ,サッポロのビール,"サッポロのビールは濃い味が特徴のイメージですが、このビールは飲みやすい。香りは弱いけど、しっかりとした味がしてとても美味しかったです。
発泡酒の中でも、好きな分類の味でした。",コクのある第3のビール,親戚が集まる時に「用意しておいて」と家族によく言われるお酒という印象です。缶のデザインを見ていると高級感があって、第3のビールというよりも生ビールの雰囲気があります。味は喉ごしのキレとコクがあって、苦みとのバランスが良いです。アルコールが5％で高すぎないところが飲みやすいポイントに感じました。,プレミアムな第3のビール,エビスのホップと黒ラベルの麦芽とあるように、第3のビールなのに濃くて味わい深い芳醇な香りがとても気に入りました。スーパーで130円ほどで買えたのでお得感があります。,うまい,ビールではないけれど、十分に、美味しい。新、だけど、味の違いは正直わかりません。普段、家で飲むのにちょうど良いビールです。,味はブロンズスターにも満たない,ビールのような香りと味はまあまあなのですが、所詮は「似非ビール」に過ぎません。ゴールドスターという大層な名前にはこれっぽっちも相応しくありません。,購入場所：ウェルシア,飲みごたえがあります。,何度か買って飲んでいましたが、新しくなったということで、買ってみました。あまり違いはわかりませんが、家のみにはビールより安くていいと思います。夕食を楽しみながら主人とのんでいます。食事の味を引き立ててくれます,購入場所：平和堂,雑味がなくすっきりとした飲み心地でも良かったです。,"新の文字が大きくリニューアルしたことが分かったので買ってみました。
ビール本来のコクと味わいが感じられておいしいと思いました。雑味がなくすっきりとした飲み心地でも良かったです。",購入場所：マルアイ,ビールに近い味,一口飲んでみると、深いコクが感じられて、後から苦みがやってきます。スッキリさっぱりとしていて、とても飲みやすいです。ビールと比べてみても、かなり近い味わいであると思います。,購入場所：ローソン,札幌の自信作,新ジャンルとして新たに出てきた新しい味。炭酸がキリッとしていて、スーパードライに近いと思う。安いのもポイント高い。税金が上がる前にはこれでいいかな。,コクのある味わい,"リニューアルしたということで、気になったので購入してみました。
パッケージの大きな金の星が目をひきますね。
ビールと遜色ないコクのある味わいが感じられて、それでいて後味もスッキリとしていて美味しかったです。",ビール通ではないので,普段あまりビールを口にしないので正直、あまり違いが分からないのですが、リニューアルしたということで確かにコクが他のものと比べて増しているように感じました。かといってべたつきもなく後味もよくのど越しも悪くないです。,購入場所：ローソン,飲みやすい,キレがあって飲みやすいと思います。また、コクがあって飲みごたえがあります。それから、料理にも合わせやすいので、気軽に楽しめるところが良いです。,味がしっかりしていて飲みごたえがある,麦芽の味がしっかりしていて、予想を良い意味で裏切られました。苦みが風味とマッチしていて、決して軽くはなく飲みごたえがある一杯です。,コクのある味わい！,"昨年からリニュアルで販売されてます。エビスのホップ、黒ラベルの麦芽を掛け合わせた高級感あふれる新ジャンルビールです。
旨味とコクのある味わいはビールを思わさせられます。当分子の味わいに魅かれそうです。",購入場所：マックスバリュ,飲みやすい,"店頭で目立つセールをしておりパッケージの「新」の赤文字も気になり購入してみました。
一口飲んでおいしい！と思いました。とにかく飲みやすいです。
苦みが少なめですっきりしているのですが、ちゃんとコクというか飲みごたえがあって１缶最後まで美味しく頂きました。
どんな料理にも合いやすいと思いましたが、この寒い時期は鍋と共にゴクゴク飲みたいです。",退会済ユーザーです,ライトな飲み口,店内で俳優の玉木宏さんのCMを耳にし、AC.5%だったら…と、飲みました。麦の味わいが凄くしてキレはあるのにまろやかです。それほどビールっぽくはないにもかかわらずブレない旨さの感じられる美味しさでした。私のここ一番お気に入りの第3のビールです！,購入場所：ダイレックス,ビールのように美味しいです。,発泡酒だけどビールに似た味わいで美味しかったです。苦みが前面に出る味でスッキリと爽快な風味です。原料にも、こだわりがある製法だと説明を読んでたので安心感があって余計に美味しく思えました。,思ったよりもいけました,サッポロは濃くて飲みづらいイメージがありましたが、このゴールドスターは思ったよりも飲みやすかったです。結構雑味も少なくビールのように感じました。,購入場所：マルナカ,スッキリ,コクはあまり感じなかったですが程よい苦味がありスッキリとした味わいで飲みやすかったです。価格も手頃なので日常的に飲め満足できる味わいでとても良かったです。,もうビール,"コクと深みが効いたもうほぼビールに限りなく近い味わいで、今回揚げ物一緒に頂きましたが相性バッチリでした。
後味はスッキリしたキリッとした喉越しで飲みやすい苦味で美味しかったです。
",購入場所：ローソン,飲みやすいです,黒ラベルの麦芽とエビスビールのホップを使用しているみたいです。だからか第3のビールなのにしっかりビールの旨みが出ていると思いました。それでいて、とても飲みやすくて食事にも合いました。後味もスッキリしていて、また飲みたいと思える商品でした。,購入場所：ダイエーグルメシティ,飲みやすい,少しの苦味とキレがありスッキリとしていてすごく飲みやすかったです。クセがないため食事にもよく合いました。コクはあまりないですが、その分ゴクゴク飲みやすいビールだと思います。,第三のビールを超えた！,炭酸が強く効いていてキレがある。第三のビールを超えた、ビールの感覚が楽しめる味わい深い麦芽がおいしい。アルコール５％と思えない飲みやすさがあり、ゴクゴク飲めた。,購入場所：ビッグ,力強い,麦芽とホップのコクを感じる飲みごたえのあるものでした。企業努力でここまで力強い味に仕上がっているのは感動です。もうビールじゃなくても十分に満足感あります。,食後になかなか良いです。,食後に飲みましたが、すっきりした後口が実に爽快です。安っぽい味も全くしなく、十分ビールとしての味わいを感じました。アルコール度数も普通でスカッと飲めるなかなか良い品です。美味しいですよ。,さっぱりしてる,大好きなサッポロの商品なので、ちょっと期待して飲みました。軽い口当たりで飲みやすいのですが、やはりビールにはかなわないと思ってしまいました。,購入場所：ライフ,深みがある,12月にリニューアルしたとのことで買いました。パッケージが目立っていて特別感があります。飲んでみると麦の味が濃厚で深みがあり美味しかったです。深みはありますがさっぱりと飲めました。,しっかりとしたコク。,"パッケージは星のマークが目立ちますね！

味わいはしっかりとしたコクがあり、
第3のビールとしてはかなり濃厚な飲み口だと感じました。

ただ売っている店舗が、かなり限られている印象なので、
どこでも購入できれば良いのになと感じました。


ごちそうさまでした☆彡",購入場所：OKストア,喉越しがよい,スーパーで見かけて購入しました。しっかりとしたコクとキレがあり、喉越しも良かったです。ホップと麦芽にこだわりを感じました。,のどごしが良くキレの良い味わい,2022年12月にリニューアルしたとのことで、購入してみました。黒ラベルの麦芽とヱビスのホップという、サッポロビールの2大ブランドを掛け合わせたというだけあって、しっかりとした喉越しとキレの良さを感じました。,さすがの一流の味を感じます!,　このビールをゴクゴクと飲めば、上質なビールらしさのみならず、口の中で見事な芳醇なる味わいを感じる事ができるという、頑張った一日の中で更に幸せな気分になりたい人には自分自身からすればおすすめがかなりできるビールです!,購入場所：タウンプラザかねひで　パイプライン内間市場店,パッケージに惹かれて,"パッケージに書かれていた「黒ラベルの麦芽とエビスのホップ」も文字に惹かれて買いました。
サッポロビールの2大ブランドの名前を出すということは発泡酒とはいえ相当自信アリの証拠だな？と期待値大です。
飲んでみて、発泡酒感は拭えないものの、美味しい！
気に入ったので、しばらくこれをリピートしまくりそう…",購入場所：イトーヨーカドー,さっぱりした味,"ビールのような苦味を味わうことが出来て、パッケージデザインもビールっぽくて良いです。
あまりコクはありませんが、その分さっぱりとした味わいなので、気軽に飲むことが出来ます。",飲みやすい,"暑い日に飲みましたが、飲んだ時のキレが良く、スパッと飲めます。また、飲んだ後のクセや苦味が少なく飲みやすく感じました。
夜ご飯といただきましたが楽しめました。",口当たり良いのにキレがある,"最初の1口で、口当たりが良いのに、キレがあって美味しいと思いました。
さすが、黒ラベルの麦芽とヱビスのホップを使っているだけあるなと思いました。
まろやかに感じるのに、あとからキレとほんのり苦味が来て、美味しかったです。",とてもパワーのある新しい味です,やはり力強いと言うかすごくパワーの感じられるキレに圧倒されました。アワの具合もとてもクリーミーで飲んでいて気持ち良かったですね。,黒ラベルの麦芽とヱビスのホップ,黒ラベルの麦芽とヱビスのホップというロゴにひかれて購入しました。サッポロビールが誇る二大ブランドの名前は魅力があります。飲んでみると期待が大きかったせいかそこまでとは感じませんでした。ただ第三のビールとしては十分美味しく今後の選択肢に入ると思いました。,,"何度もリピート買いしている第３のビールです。
なんと行っても第３じゃないサッポロビールとそっくりの味に感じて、初めて飲んだ時は驚きました。苦味やコクのバランスがすごい。
ここまで似せてくる開発者さん達すごすぎます。
普段飲む分にはこれで十二分です。
これからも普段の晩酌に買い続けます。
ジャーマンポテトや餃子にバッチリ合います
",,黒ラベルの麦芽とエビスのポップを使用しているという、新しくなった逸品！しっかりとした味わいで発泡酒とは思えない商品です。,,"ゴールドスターが新リニューアルされたので購入。
サッポロ黒ラベルのブランドなだけあり、力強いキレた味わい、そして飽きない旨味を実感しました。
大変コクやキレがあり、ごくごくあっという間に飲んでしまいました。大変美味しかったです！",,"飲んでビックリ。

まず飲んた瞬間の味の濃厚さ、コク、ガツンとくる飲みごたえは、本当にビールかと勘違いしてしまうくらいしっかりとしている。

その後ののどごし、飲み終わったあとの後味も、新ジャンル独特の軽さや抜ける感じは少なく、これまたしっかりとした余韻がある。

とにかく新ジャンルでは一番の満足感を味わえる商品だと太鼓判を押したい。",,"まるでビールのようなキレとコクがあるのにリーズナブルなのがいいですね。パッケージもネーミング通りにゴールドでかっこいい感じがしました。流石黒ラベルの麦芽とエビスのホップの掛け合わせ！毎日飲んでも飽きが来ない味わいだと思います。
",,黒ラベルの麦芽とエビスビールのホップを使うという良いとこ取りの新ジャンル。新ジャンルというより普通に美味しいビールを飲んでる感覚になりました。それでこの値段はお安い。サッポロの本気を感じました。,,黒ラベルの品資質の良さと、エビスの高級感が味わえる一品に出来上がっています。容器の星がかっこよくて、飽きない味です。食事時に最適のおいしい発泡酒です。,,黒ラベルのような苦味と旨味があり大満足でした。生ビールのようなコク、キレも感じられて美味しかったです。喉ごしもよく後味もスッキリでリーズナブルなお酒です。,,麦の豊かな香りもあり、食事と合わせやすいです。すっきりした飲み味なので、揚げ物料理とぴったりでした。星のデザインが売り場で目立っていました。,,"ほんのりとした苦味とコクがあり、喉越しが良いです。苦味も嫌な苦味ではなくビールらしい麦の苦味で、香りも良く美味しかったです。

そのまま飲んでも良いし、こってりとした料理にも合います。大きなゴールドの星がデザインされたシンプルなパッケージもスタイリッシュだなと思います。",,しっかりとした味があって、しかも後味が良質なので気に入っています。スッキリしていて、飲みやすいところが魅力だろうと思います。,,一口目でホップのいい香りがして華やかな気分がしました。その後に濃厚な旨味を感じ、とてもおいしかったです。とても飲みやすく女性にも向いていると思いました。あっという間にグラスが空になりました。,,SAPPORO黒ラベルにとても良く似た第3のビールで、気になっていたので購入しました。黒ラベルの麦芽とエビスのビールのホップが組み合わさっているそうで、飲んでみるととてもコクがあり美味しい。コスパがいい商品だと思いました。,,サッポロビールの黒星赤星は思い浮かべるだけでのどがなってしまうほど好きだがそれにエビスのホップが加えられ作られたら美味いはずである軽い飲み口から口の中で飲みごたえのあるものに変化してサッポロ本来の重厚なコクになって喉を潤してくれる,,"「ゴールドスター」の名の通り大きな金色の星のマークと麦の穂のデザインが印象的デザイン。
第三のビールですが黒ラベルとエビスの良いとこ取りということでずっと気になっていました。
コクや苦味がすごく強いのかなと思ったのですが 意外にもスッキリと飲みやすく キレのある味わい 。
ホップや麦芽の味わいが後味に心地よく残ります。
黒ラベルや恵比寿に追随する 新しい味わいだと思います。

",,"黒ラベルとエビスのいいとこ取りらしいです。第三のビール。
初心者の私には比較的飲みやすく、それでいて苦味もあり、ビールと遜色ないと
思えました。キリッとしてスッキリできますね。
名前もゴールドスターってかっこいいですね。",,普段第三者を飲むことは少ないのですが、１つ星のラベルに惹かれて購入しました。第３種ですが、雑味が少なくビールに近い味わいです。様々な料理に合うかと思います。,,"キレッキレで喉ごしがいいのにコクが濃厚で重厚感もあり、不思議な味でした。
各メーカーからおいしいビールが続々出ていますが、これはまた新しいおいしさです。",,"ビール類では自分があまり手にすることのない
サッポロのブランドで、新商品として販売されてから久しいですが、
なかなかコク、キレともにあり美味しかったです。",,のどごしがよくごくごくといけます。スポーツをしたあとに飲んでいたらすぐ飲み終わってしまいました。おつまみがおいしく食べることができました。パッケージもどんと星がありかわいいです。,,大きな星のマークで、一目でサッポロから発売されてるんだと分かる商品です。価格が手頃だったので500ml購入しました。飲んだ感想ですが、しっかりと味が濃い発泡酒です。かなり飲みごたえがあり、満足しました。家で焼肉をしたときに一緒に飲みましたが、高級感とリッチさを味わえました。,,サッポロGOLD STARです。酒が好きで飲みたくなります。コンビニに行き、見掛けたら購入しました。休肝日や作業してる間に飲んでコクがいいで感じられました,,深いコクがあり、のどごしもよく後から旨みと味が追っかけてくる感じでした。思っていたよりすっきりとしてて、飲みやすかったです。色は薄くはないですが、見た目よりも濃すぎず、ちょうどいい感じ。薄すぎず、濃すぎず飲みやすいところがいいですね。おいしかったです。あっという間に飲み干しました。,,このゴールドスターは初めてのみましたが、程よいコクと苦味が感じられて、私には大変飲みやすかった発泡酒です。この苦味だけを主張するのではなく、コクがとても良く感じられるので後味に甘みすら感じます。,,泡立ちがとてもよく、喉越しもとてもよかったです。苦味もしっかりあって後味もスッキリしてとても好きな味わいでした。値段もお手軽でこの味が楽しめるのはとても嬉しいです。家族もこれは美味しいなぁと満足そうでした。,,味も良いし飲みやすいうえに美味しい。程よい苦味と、喉が渇いたときにゴクゴクと飲めるし、かつ満足感もある。デイリーに飲むにもいいと思う。缶のパッケージもインパクトがあって、スーパーで何気なくお酒コーナー回っててすぐ目にとまった。,,お風呂上がりにグイッと！！結構喉越しがよくグイグイ飲めました。5％ありますがあまりアルコール度数が高いとは思えないですね。あっさりしていて口当たりがよく美味しいです。,,いかにもスター‼︎みたいなカッコよさを感じるラベルデザインがイイですね。グラスに注ぐと泡立ちも良く、麦芽の苦味がほんのり感じて美味しかったです。のどごしも良かったです♪,退会済ユーザーです,,グラスに注いだ瞬間の泡立ち加減がとても美味しそうでまた色も食欲をそそるような色です。苦みが少しあり炭酸は強いですがそれほど気になるほどでもないです。後味がよいと思います。,,他の新ジャンルと比べると苦みをとても強く感じ、辛みにも近いような苦みに感じました。だからといって味に深みやコクがあるわけではありませんでした。でも、味全体は雑味がなく、サッパリしています。炭酸はちょっと強めで、のど越しは良いです。,,ビールとあまり変わらない味になっていますし、喉ごしも良いと評価しています。また、後味がスッキリしているので、飲みやすいことも特徴です。適度な苦みもビールらしい風味が感じられて好感が持てます。今後は飲む頻度を多くしていこうと思います。,,"のど越しがとっても良くて、飲みやすいです。
味わいもコクがあって、キレというよりサラサラのどを通っていく感じです。
一緒に飲んだ家族は、普通にビールとそん色無くてともかくうまみがあるとほめていました。
これから熱くなる季節に、どんどん飲みたくなるビールだと思います。",,味わい深いビールです。ビールに近づけた商品で、喉越しと香りは非常に良い。おつまみ片手に夜の晩酌にちょうどいいと思います。ただ、苦味が強いのが残念。もう少しマイルドなのが好みだなー,,"「黒ラベルの麦芽とエビスのホップを増量」という文言に惹かれて思わず購入。
確かに両者の旨味やコクを感じたような？
細かいことはよくわかりませんが、新ジャンルの中でもなかなかの好印象。
後味スッキリ飲みやすい美味しさでした◎！",退会済ユーザーです,,"コクはあっさりめですが喉越しがよく、グビグビ飲めました。
あと味もあっさりしているので夏場におすすめです。
どんな料理にもあいそうでした。
新商品ということで期待通りでした。",,キラキラのお星さまが目立ってキレイですね。新ジャンルとは思えないくらいビールに近いキレがあって、苦すぎずとても飲みやすかったです。麦の味わいも感じられて、かつさっぱりしたのみくちで、ビールと比べると物足りなさがなくはないですが、おいしいです。お安く飲めるのでお気に入りです。,,黒ラベルの麦芽とエビスのホップを増量と書いてありますよー！その通り、黒ラベルの旨さとエビスのコクを感じました。どんどん美味しくなる新ジャンル、メーカーさぁーんもっともっと期待していま〜す！,,金色の星が大きく描かれたパッケージは、どこかで見たことのあるような懐かしさを感じるパッケージだなと思いました。一口飲むと苦みが感じられますが、後味スッキリでとても良い感じ。サッポロ黒ラベルの麦芽とヱビスビールのホップを増量し、仕込方法も進化させているそうです。新ジャンルも進化してますね！,,陳列棚で大々的にプロモーションしていたので買ってみました。黒ラベルとエビスビール、どちらもビールの中で好きな銘柄なのですが、それぞれの麦芽とホップを使用した新ジャンルということで期待感がありました。飲んでみると新ジャンルでありながらしっかりビールに近い味わいがあり、飲み飽きない美味しさです。新ジャンルの中で一番のお気に入りになりそうです。,,"ファミペイクーポンで貰った『GOLD STAR (ゴールドスター)』
コップに注いで飲んだのですが、新ジャンルとしては泡素晴らしき、少し気泡は目立つけどクリーミーでふわふわ。
に見えたんだけどなぁ。
そこに泡があるのに口あたりに一切感じません。
なぜ？クチビルにおヒゲは？
コップを傾けて飲むたびに萎んでいくし、見た目だけなんてヒドイ。
味の方は最初は甘いと感じたんだけど、飲み続けると丁度良く思えてきます。
甘味から苦味に切り替わるのが早いので割りかしスッキリなんだけど、炭酸は弱めなので喉ごし的には物足りないかな。
悪くはないのよ、でもとにかく泡がな……(T-T)",,スーパーの酒売り場で見かけた時にビールだと思いました。何とも言えないキレのあるパッケージですね。やはり新ジャンルなので一口飲むとコクがありません。しかしながら、のどごしは爽やかで美味しく飲めました。,,"麦の薫りが芳ばしいなと一口目に感じました。
これはもうビールと変わらない美味しさなのではと思います。物足りないかなと飲む前に思いましたが、そんな事はありません。価格の事を考えると、私には充分美味しいです。だってジュースと変わらない価格ですもの！",退会済ユーザーです,,"以前から気になっていたゴールドスター。新しくなったみたいだし、商品特徴の黒ラベルとエビスのよいところを加えた第三のビールは大いに期待しちゃいます！
グラスに注ぐと泡立ち良い荒めの泡はしばらく残っていて楽しめます。苦味やのどごしが良くてプレミアムビールみたいで大満足です！
夕食の濃厚味噌なべとぴったりでより美味い！！",,缶のデザインが好きです。サッポロビールさんの星が大きく描かれていてオシャレな感じが気に入りました。新ジャンルになります。ちょっとクセがあるかなぁと思いましたが、飲んでるうちに気にならなくなりました。コクがあると言うのか、しっかりした濃い目の味わいかなと思いました。,,ビールにしては安いなと思って買ったら新ジャンルでした。騙された…でも美味しい。苦みが少し足りないかな？と思ったけど十分です。もうほとんどビールと言っていいくらい。香ばしい良い香りがしました。,,新ジャンルとしてはよくできていると思いました。ビールとくらべるとコクはありませんが、くせはなく大変飲みやすいです。すっきりとしていてのどごしもいいですが、炭酸がすこし抜けると水っぽい感じがするように思いましたので、すぐ飲み切る方がいいと思います。,,初めて新ジャンルのビールを飲みました。あんまりいいイメージではなかったので想像以上でびっくりしました。また買いたいと思います。,,新ジャンルのビールといえども、なかなかのクオリティーで大変美味しく感じられます。のど越し、旨味ともさすがゴールドスターという感じがします。これからも飲み続けると思います。,,新ジャンルはいくつか飲んでいますが、サッポロのこれはホップの心地よい苦味が特徴と思います。麦本来の香ばしい香りもして、新ジャンルの中でも本格派でビールに近い味わいです。,退会済ユーザーです,,昨今の新ジャンルのビールは進化がすすみ普通のビールとの違いがほとんど分からないところまできています。こちらのゴールドスターもそのひとつです。ドーンと大きく描かれたホシのマークが印象的で店頭でも目立っています。麦のコクと香りも豊かに感じられて程よい苦味もあり、喉越しは最高です！価格が安いのにこんなに美味しいなんてすごいな〜としみじみ感じてしまいました。,,言われなかったら、新ジャンルって、わからないかも。ホップのいい香り、少し苦味も感じます。エビスが好きで、よく飲んでるのですが、こちらの商品も、たまには買いたいですね。,,新ジャンルですが、本物のビール相当の爽快感があります。ホップの香りや苦みには少し欠けるような気もしますが、十分に「美味しい」と感じられる商品です。アルコール度数が5％なので、これが6％なら自分の定番となっていたと思います。,,サッポロビールの看板商品である「サッポロ生ビール黒ラベル」と「ヱビスビール」に採用されている麦芽とホップを一部使用しているとのことで、意気込みを感じます。スッキリとした飲み心地で美味しく仕上がっていると思います、,,のどごしがよくとても飲みやすくて美味しかったです。暑い日にキンキンに冷やして飲むとカラダに染み込んでいく感じがたまりません。,,"あれ？ビール？安いけど？って思いながら買ってみました。やはり新ジャンルのビールでした(笑)
これ、ビールグラスに注いで飲んだらきっとビールだと思うんじゃないでしょうか。とても喉ごしが良くキリッとした味でプレミアムの味に近いと思いました。また自分のご褒美に買います！",,初めて飲みました。1口目からビールのようなこくが深い味わいでびっくりしました。口の中にこくが広がり後味も美味しくまるめ生ビールを飲んでいる感覚でした。家族も気に入ったので家の定番のお酒になりそうです。,,"この値段でこのクオリティならもう普通のビールは飲めないですね。
新ジャンルのビールが出始めた時はこんなのビールじゃない！と思い
２度と買うまいと思いましたが、久しぶりに買うとここまで進化しているとは！
飲み口が軽い分普通のビールよりむしろ飲みやすく感じました。
次回は箱買いしようと思います。",,"今年2月の発売から僅か1ヶ月で100万ケースを突破したサッポロビールの新ジャンル。同社の「サッポロ生ビール黒ラベル」と「ヱビスビール」に使用している麦芽とホップを一部使用して作られているだけあり、新ジャンルとは思えないコクとしっかりとした辛味があります。さらに、リキュール臭が殆どしないので、ほぼビールと言っても良い傑作です！
余談ですが、同社の象徴である「ゴールドスター☆」を缶のど真ん中にあしらったデザインは、威風堂々としていてスーパーの売り場で非常に目立っていました！（笑）",,"最近流行りの新ジャンルでプレミアビールの味わいに近いと言うコンセプトの物で、とりあえず試しに購入しました。確かにビールに近い味わいでバランスの良さを感じた。メーカーさんが努力を重ねている感が伝わる。
もう少し喉越しとキレが欲しいが、この値段でこの味ならかなり良いと思う。",,"このジャンルにしては苦味が程よくあり、香りも良く、ビールっぽさは感じられる。
コクとキレは仕方ないが、後味よく、軽い飲み口なので食事に合わせやすい。
パッケージも目立って良い。
",,"CMを見て気になっていました。サッポロビールの2大ブランドの黒ラベルの麦芽とエビスのアロマポップ使用となれば試さずにはいられません。
これは期待通りですね！コクがあって香りも良いです。
最近缶チューハイばかりでビール類から遠のいていましたが、これならまた飲みたいなと思いました。",,"飲みやすいビールかなと思います。
あっさりすっきりとしていますが、その分コクだったりキレだったり
というものはあまりないのかと思いました。",,パッケージの金色の星印がとても店頭で目立っていたので、買いました。口に含んだ時に、苦みが感じられたのに、後味はすっきりしていて、食事によく合い、とても飲みやすかったです。黒ラベルとエビスビールのいいところをとっているだけあって、大満足でした。リピート買いしたいです。,,"サッポロのビール飲料は、クセが強いものが多いのですが、こちらは非常に飲みやすいです。
さっぱりとしていて、サラッと飲むことができます。強い主張はないものの、飲みやすく美味しい。どんなものと共にしても邪魔をしません。
私はお寿司と合わせるのがお気に入りです。さっぱりしているため揚げ物など主張が強いものでも良いのですが、それよりも飲み物で邪魔をすることを許さないお寿司のようなものと相性が良いと思うのです。",,クセがなく、苦味もすくないので、誰でも飲みやすいと思うのですが、逆にちょっと味が薄いようにも感じました。お値段が安いので、その分ゴクゴクのみたいという時にはオススメです。食事にも合いそうです。アルコール度数は5％とほどほどです。,,"新ジャンルテーストは比較が難しいほど無難な味へと舵を切っているように思えます。
こちらのビールもラベルを隠して飲めば、ビールテースト発泡酒はわかりますが、だいたいの方はそれほど気にすることなく飲むと思います。
ざっくりとした感想は酸味とえぐみが控えめで割と飲みやすい発泡酒といったところですが、この頃はウィスキー、ワイン、焼酎、日本酒とチャンポンしてますので本物ビールにこだわらず、お値打ちおうちビール風としては〇です。",,パッケージの星のデザインが素敵です。軽い飲み口で後味がよく、ビールっぽい香りはしますが苦みは少ないです。飲みやすくて食事に合わせやすいなと感じました。,,"新ジャンルだけど、黒ラベルの麦芽とヱビスのアロマホップを使ってるという！
ある意味究極！
サッポロの本気が詰まった自信作ですよね。
決して派手じゃないのに堂々とした雰囲気もいいなぁと、買ってみました！
気軽に試せるお値段なのもありがたいです。

飲んでみた感想････純粋に美味しいです(^-^)
黒ラベルの苦い重厚感のある感じと、ヱビスのふくよかな感じ、どっちもあります。
黒ラベルとヱビスのいいとこどりをしているといえます。
うまーくまとまっている！！

黒ラベルは力強くてどちらかというと男性的な味わいだからあまり得意なほうではなかったですが、これは余韻に甘みも含んでいて、女性も飲みやすいかも。

香りや泡も限りなくビールに近くて、新ジャンルって言われなければわからない。いや、新ジャンルってわかって飲んでてもビールとして満足できました(^-^)
アルコール度数は５％で、私的には食事と合わせるのにベストな度数です。
今の時期、家で飲むしかないので普段選ばないお酒などもいろいろ飲んでみたいと思っていますが、これはまた買ってくること間違いなし！
",,久しぶりにサッポロらしい新ジャンルだと思いました。黒ラベルに近いイメージなので、大変気に入っています。価格が黒ラベルの約半分なので言う事無しですね。良いか悪いか最近、黒ラベル購入頻度が下がりました。,,ゴールドスターというネーミングと、缶のデザインがレトロ風でいい感じです。一口目はビールの味わいで、飲んでいくとすっきした喉ごしでスッと飲めちゃいます。味がまとまっていて飲みやすいですが、味わいが薄めでした。その分ゴクゴク飲めるのかも＾＾。,,"第三のビールなので雑味は少しありますが、そこまで気にならない程度です。
口当たりは軽めで、ホップの香りもしっかりあり、バランスよくまとまっている感じの味で飲みやすいです。
コロナ自粛で宅飲みが多くなる今のこの時期、家で飲むには悪くない一杯だと思います。",,値段もリーズナブルでどんもんかと思って買ってみました。味はビールですが苦味が少ないのでかなり飲みやすいと思います！それでもしっかりコクも感じられるので美味しかったです！,,主人はサッポロ黒ラベルが好きなのですが、ゴールドスターは黒ラベルとエビスに採用している麦芽とホップを使用しおいしさを徹底追求した新ジャンルのビールと言う事で、もしこれを気に入ってくれれば節約出来るな、と言う下心で買ってみました。一口飲んだ感想は、黒ラベルとは違う、でした。比べるとキレがもう少し欲しいとの事。がコクはこの値段にしては合格点、と言う事です。私は黒ラベルよりスッキリして飲みやすいなと思いました。デザインも好きです。これから暑くなると新発売の新ジャンルのビールが増えてくると思うので色々試そうと思います。,,"高級感あるパッケージで、店頭で目を引きました。

いい意味で、発泡酒の独特なクセがなく、とてもスッキリ飲みやすい！と思いました。
飽きのこない味ですね。
アルコールは5%と、ほどよいほろ酔い感なのもお食事にあわせやすいですね。",,程よい苦みと どことなくフルーティーな風味で 飲み易いです。コクやキレのパンチが少ないと感じますが、ビールに近い味わいが楽しめるお酒だと思います。後味はすっきりしています。,,サッポロビール大好きなので期待していました！エビスと黒ラベルのホップ、麦芽を一部使用とのことですが、キレとコクのバランスがよくて飲みごたえが感じられました。第３のビールでこの味なら十分満足できるレベルだと思いました。,,"サッポロ、ゴールドスター飲みました！
サッポロということで、期待して買ってみました。

個人的に好きなのですが、キレがサッポロらしくない感じがしました。

ですが、商品に罪はない（笑）

キンキンに冷やして、ビール専用グラスで美味しく頂きました！",,店頭の商品説明に、黒ラベルとヱビスの良さを合わせたビールと書いてあったので買ってみました。とってもスッキリしていて飲みやすいです。後から苦味もあるのでビールの雰囲気はありました。ガツンとくる味わいではないのでビールの風味が苦手な方も手軽に楽しめると思います。全体的には悪くはなかったのですが、ビール好きの私はゴールドスター期待しすぎたかもしれません。,,ビールの味にかなり近くて、一口目から満足感のあるビール感とのどごしでした。コクとキレのバランスも良くてしっかりとコクを感じながらもキリッとした味わいで飲みやすいのが良かったです。香りもビールのような香りで本格的な味わいでした。,,パッケージもポップで親しみやすく飲んでみると苦味が少なくてスッキリしています。発泡酒なのにしっかりとビール感もあって値段もリーズナブルなのが嬉しいです。,退会済ユーザーです,,"苦味弱くスッキリした飲みやすいビール。一番嬉しいのは値段が安いこと。
毎日飲むから最近値段意識してしまってます。
デザインもシンプルながらサッポロらしい大好きなブランドです。
",,苦味・旨味がしっかり感じられるビールらしい味わいです。黒ラベルを少し華やかにした感じで後味もスッキリしていて美味しいです。力強い味わいの「麦とホップ」に洗練された味わいの「GOLD STAR」が加わり、これからどのように飲み分けていこうか楽しみです。,,口当たりはビールらしさがきちんとありますが後味はすっきりしていてコクや苦味がなく飲みやすいなと思いました。すっきりといっても辛口ではなくてフルーティーな味というのでしょうか。お風呂あがりや暑い季節に軽く飲んだり食事と一緒に飲んだり色々合わせやすいような気がします。パッケージデザインがかっこいいのも良いです。,,お店で見かけた時、テレビで宣伝されていたのを思い出して購入しました。パッケージのデザインがクラッシックな感じで好みです。結構フルーティーな香りが感じられ、スッキリして飲みやすいです。価格が安い上に、どんどんビールの味わいに近づいていくのが嬉しいですね。,,"パッケージがかっこよくておいしそうだなと思って買いました。
期待しすぎてしまったのかもしれませんが、香りが控えめでこくはあまりないかなと思いました。値段が手頃だったのでそんなに悪くはありませんが、好みにもよるんでしょうね。
キレがありのどごしがよかったです。後味はさっぱりしていて食事に合いました。",,"これは久々にヒットしました！
発泡酒なのに、ビールみたいなコクと味わいでゴクゴク飲んじゃいました！
ここまでビールに近いのはないんじゃないかと思います。",,お店でこの商品を見て新しい商品だと思って購入してみました。飲んでみるとサッパリした味で苦味やコクは控えめな感じ何も考えずに飲むとサッポロ黒ラベルの少しフルーティ版と言った感じです。やや個性が弱いですが値段が安いので合格です。,,"ヱビスと黒ラベルの特徴を合わせた新ジャンルなんて大々的に宣伝されていたのでちょっと期待し過ぎてしまったかも。苦味と酸味がはじめ強めにきて後味ちょっと爽やかにフルーティーです。新ジャンルの味だなと思いました。ちょっと置いとくと変な甘味と苦味がででくるみたいなのでよーく冷やしてさっと飲んでしまうのがよさそう。
パッケージはかっこいいです。",,毎日飲むアルコールはお値段がお手頃だと助かります。このゴールドスターはスッキリとした口当たりでとても飲みやすいアルコールです。苦味が少なく後味もスッキリとした喉越しのとても良い美味しいアルコールです。コクというよりは華やかさのあるフルーティな味わいが夕食を美味しくしてくれました。泡立ちと泡持ちが良くフルーティーさのある味わいと泡の美味しさがまろやかなアルコールの味わいです。黄金色の大きいスターのデザインと麦の味わいがとても合っています。サッポロさんのアルコールは大好きな味なんですよねぇー。,,サッポロの商品は、あまり目につかない私ですが、こちらの商品は大きな星マークが目に入り魅力を感じて即購入しました。あまり期待はしていなかったのですが、ゴクッと飲めてキレがあり、後味スッキリ。いいところ3拍子です。コクは控え目ですが、この価格でこの味わいは予想以上です。,,"パッケージがいいですね。サッポロさん、かなり気合を入れてＣＭもしていますね。期待を込めて購入しました。
味は、意外とあっさりとして、キレはあるものの、コクはなく、全体的に薄い印象を得ました。
飲みやすく、料理の邪魔をしない点はいいですね。ですが、もうちょとクセが強い方が好みです。",,"近くのスーパーで安く売っていたので購入してみました。
パッケージをみて苦みが強そうなイメージがありましたが、苦みは少ないです。
のどごしがよく特に癖もなく、とても飲みやすいです。
100円程度でこの味わいならまた買いたいと思いました。
",,第３のビールとしてはうまかったですが意外とあっさりしていてコクやキレやのどごしなどのパンチ力は感じませんでした。ただコスパはよくそれなりの酔いも感じられるので経済的だと感じました。,,"サッポロゴールドスターは新ジャンルのビールです。
味はなんていうかさっぱりした感じであんまりコクを感じるタイプではないです。
私は良くのどごし生を良く飲みますがそれに比べて雑味がすごい感じられます。
やっぱり新ジャンル系はキリンの本麒麟、のどごし生がわたしにはあってると思いました。
香りは麦芽の良い香りがしてパッケージも良いので少し残念でした。",,第3のビール(リキュール)としては、大変美味しいです。正直、最悪ビールのランクは発泡酒までと決めていた私のポリシーを改めさせられた商品です。ただ、厳しい評価をすると、麦芽が少ないためか、コクが足りません。喉越しもあっさりしてるので、ビール好きには満足は得れないでしょう。まあ、第3のビールなので価格は安く、コストパフォーマンス的には良い商品です。,,２つのビールの材料や作り方を採用しているだけあって、深いコクとキレがあってガツンときて、ホップの苦みや麦芽の味わいがしっかりと感じられ、強い炭酸具合に泡がきめ細かく爽快感があって美味しいです。,,"高評価が多かったので、購入してみました。缶を開けると、フルーティーな香りが漂い、苦味は少なく、後味はすっきりしていて飲みやすかったです。ただ、飲んだ後はアルコール臭が少し強く感じました。

それでも、第3のビールとしては美味しいと感じました。これからはビールは少し贅沢したいときに、普段の晩酌にはこちらをチョイスしようかなと思いました。",,口にした瞬間、フルーティーな感じが口のなかに広がりました。苦味はあまり強くなく後味もスッキリしているので、ビールが苦手な人でも飲みやすいかもしれません。,,キャッチフレーズ「すべてのうまさを過去にする」は衝撃が走りました。サッポロのトレードマークの星はゴールドスターの名の通り輝く黄金で、ラベルからも感じられる高級感が魅力です(^^)サッポロビールを愛する我々が思い描いた最強の第三のビールを形にしたと言って過言ではありません。サッポロの看板商品であるエビスビールと黒ラベルで極めた技術力にくわえ、両ブランドの持ち味は最大限に活かされ、スッキリした飲み口と後味の良さは絶品で、日常の食事が一気にリッチな空間になります。低価格を実現しながらこれからどんどんおいしくなっていく第三のビール、ここまできたかという気にさせてくれます。,,"味よし、キレよし、後味よし。第三のビールのなかでもトップクラスの出来映えだと思います。
黒ラベルとヱビスの技術と信念、サッポロビールの全てをつぎ込んだ逸品との事で、 第三のビールへの本気度が伝わってきます。これは美味しかったです。",,サッポロビールの画期的新発売的にうたっているが、残念ながら普通レベルの美味しさ。若干最近の流行り系のフルーティさを感じるが、大きな特徴はない。ただ、今までの第３ビールよりはかなりビール感はあると思った。,※特徴は2023年4月19日以降のレビューで算出,シェアビュー公式アカウント,,発泡酒・新ジャンル
