ãŠè“å­ï½¥ã‚¢ã‚¤ã‚¹ï½¥é£²æ–™ï½¥ä¹³è£½å“ ãªã©,ãƒ¬ã‚¸ãƒ£ãƒ¼ï½¥é“ã®é§… ãªã©,æ—¥ç”¨å“ï½¥ãƒ™ãƒ“ãƒ¼ç”¨å“ï½¥ã‚µãƒ¼ãƒ“ã‚¹ ãªã©,ç³–è³ªå¯¾ç­–ãªã©å¥åº·ã‚’æ„è­˜ã—ãŸå•†å“,â€»ãƒ¬ãƒ“ãƒ¥ãƒ¼5ä»¶ä»¥ä¸ŠãŒå¯¾è±¡,é¦™ã‚Šï¼š7.69 %,é¦™ã‚Šï¼š7.14 %,é¦™ã‚Šï¼š6.67 %,é¦™ã‚Šï¼š3.33 %,é¦™ã‚Šï¼š0 %,é¦™ã‚Šï¼š62.5 %,é¦™ã‚Šï¼š40 %,é¦™ã‚Šï¼š36.36 %,é¦™ã‚Šï¼š35.42 %,é¦™ã‚Šï¼š22.86 %,é¦™ã‚Šï¼š22.22 %,é¦™ã‚Šï¼š21.31 %,é¦™ã‚Šï¼š20 %,é¦™ã‚Šï¼š18.87 %,é¦™ã‚Šï¼š17.5 %,é¦™ã‚Šï¼š16.67 %,é¦™ã‚Šï¼š16.67 %,é¦™ã‚Šï¼š16.67 %,é¦™ã‚Šï¼š16.67 %,é¦™ã‚Šï¼š15.25 %,é¦™ã‚Šï¼š14.29 %,é¦™ã‚Šï¼š12.5 %,é¦™ã‚Šï¼š11.54 %,é¦™ã‚Šï¼š10 %,é¦™ã‚Šï¼š7.69 %,é¦™ã‚Šï¼š7.14 %,é¦™ã‚Šï¼š6.67 %,é¦™ã‚Šï¼š3.33 %,é¦™ã‚Šï¼š0 %,é¦™ã‚Šï¼š62.5 %,é¦™ã‚Šï¼š40 %,é¦™ã‚Šï¼š36.36 %,é¦™ã‚Šï¼š35.42 %,é¦™ã‚Šï¼š22.86 %,â€»ãƒ¬ãƒ“ãƒ¥ãƒ¼5ä»¶ä»¥ä¸ŠãŒå¯¾è±¡â€»2023å¹´4æœˆ19æ—¥ä»¥é™ã®ãƒ¬ãƒ“ãƒ¥ãƒ¼ãŒå¯¾è±¡,ã‚³ã‚¯ï¼š12.5 %,ã‚³ã‚¯ï¼š12.5 %,ã‚³ã‚¯ï¼š2.78 %,ã‚³ã‚¯ï¼š0 %,ã‚³ã‚¯ï¼š0 %,ã‚³ã‚¯ï¼š81.25 %,ã‚³ã‚¯ï¼š80.77 %,ã‚³ã‚¯ï¼š60 %,ã‚³ã‚¯ï¼š54.55 %,ã‚³ã‚¯ï¼š45.9 %,ã‚³ã‚¯ï¼š45.71 %,ã‚³ã‚¯ï¼š40 %,ã‚³ã‚¯ï¼š33.33 %,ã‚³ã‚¯ï¼š33.33 %,ã‚³ã‚¯ï¼š30.77 %,ã‚³ã‚¯ï¼š30 %,ã‚³ã‚¯ï¼š26.67 %,ã‚³ã‚¯ï¼š25 %,ã‚³ã‚¯ï¼š18.64 %,ã‚³ã‚¯ï¼š17.86 %,ã‚³ã‚¯ï¼š16.67 %,ã‚³ã‚¯ï¼š16.67 %,ã‚³ã‚¯ï¼š14.29 %,ã‚³ã‚¯ï¼š13.21 %,ã‚³ã‚¯ï¼š12.5 %,ã‚³ã‚¯ï¼š12.5 %,ã‚³ã‚¯ï¼š2.78 %,ã‚³ã‚¯ï¼š0 %,ã‚³ã‚¯ï¼š0 %,ã‚³ã‚¯ï¼š81.25 %,ã‚³ã‚¯ï¼š80.77 %,ã‚³ã‚¯ï¼š60 %,ã‚³ã‚¯ï¼š54.55 %,ã‚³ã‚¯ï¼š45.9 %,â€»ãƒ¬ãƒ“ãƒ¥ãƒ¼5ä»¶ä»¥ä¸ŠãŒå¯¾è±¡â€»2023å¹´4æœˆ19æ—¥ä»¥é™ã®ãƒ¬ãƒ“ãƒ¥ãƒ¼ãŒå¯¾è±¡,ã‚­ãƒ¬ï¼š16.67 %,ã‚­ãƒ¬ï¼š16.67 %,ã‚­ãƒ¬ï¼š12.5 %,ã‚­ãƒ¬ï¼š0 %,ã‚­ãƒ¬ï¼š0 %,ã‚­ãƒ¬ï¼š76.67 %,ã‚­ãƒ¬ï¼š60.71 %,ã‚­ãƒ¬ï¼š60 %,ã‚­ãƒ¬ï¼š54.24 %,ã‚­ãƒ¬ï¼š49.18 %,ã‚­ãƒ¬ï¼š43.75 %,ã‚­ãƒ¬ï¼š42.86 %,ã‚­ãƒ¬ï¼š40 %,ã‚­ãƒ¬ï¼š38.46 %,ã‚­ãƒ¬ï¼š38.46 %,ã‚­ãƒ¬ï¼š37.74 %,ã‚­ãƒ¬ï¼š35.42 %,ã‚­ãƒ¬ï¼š35 %,ã‚­ãƒ¬ï¼š34.29 %,ã‚­ãƒ¬ï¼š33.33 %,ã‚­ãƒ¬ï¼š30 %,ã‚­ãƒ¬ï¼š29.17 %,ã‚­ãƒ¬ï¼š28.57 %,ã‚­ãƒ¬ï¼š22.22 %,ã‚­ãƒ¬ï¼š16.67 %,ã‚­ãƒ¬ï¼š16.67 %,ã‚­ãƒ¬ï¼š12.5 %,ã‚­ãƒ¬ï¼š0 %,ã‚­ãƒ¬ï¼š0 %,ã‚­ãƒ¬ï¼š76.67 %,ã‚­ãƒ¬ï¼š60.71 %,ã‚­ãƒ¬ï¼š60 %,ã‚­ãƒ¬ï¼š54.24 %,ã‚­ãƒ¬ï¼š49.18 %,â€»ãƒ¬ãƒ“ãƒ¥ãƒ¼5ä»¶ä»¥ä¸ŠãŒå¯¾è±¡â€»2023å¹´4æœˆ19æ—¥ä»¥é™ã®ãƒ¬ãƒ“ãƒ¥ãƒ¼ãŒå¯¾è±¡,ã®ã©ã”ã—ï¼š35.42 %,ã®ã©ã”ã—ï¼š33.33 %,ã®ã©ã”ã—ï¼š28.57 %,ã®ã©ã”ã—ï¼š20 %,ã®ã©ã”ã—ï¼š20 %,ã®ã©ã”ã—ï¼š100 %,ã®ã©ã”ã—ï¼š86.67 %,ã®ã©ã”ã—ï¼š69.81 %,ã®ã©ã”ã—ï¼š69.23 %,ã®ã©ã”ã—ï¼š64.41 %,ã®ã©ã”ã—ï¼š60.66 %,ã®ã©ã”ã—ï¼š57.5 %,ã®ã©ã”ã—ï¼š57.14 %,ã®ã©ã”ã—ï¼š56.25 %,ã®ã©ã”ã—ï¼š56.25 %,ã®ã©ã”ã—ï¼š54.29 %,ã®ã©ã”ã—ï¼š52.78 %,ã®ã©ã”ã—ï¼š50 %,ã®ã©ã”ã—ï¼š50 %,ã®ã©ã”ã—ï¼š50 %,ã®ã©ã”ã—ï¼š50 %,ã®ã©ã”ã—ï¼š46.43 %,ã®ã©ã”ã—ï¼š43.33 %,ã®ã©ã”ã—ï¼š36.36 %,ã®ã©ã”ã—ï¼š35.42 %,ã®ã©ã”ã—ï¼š33.33 %,ã®ã©ã”ã—ï¼š28.57 %,ã®ã©ã”ã—ï¼š20 %,ã®ã©ã”ã—ï¼š20 %,ã®ã©ã”ã—ï¼š100 %,ã®ã©ã”ã—ï¼š86.67 %,ã®ã©ã”ã—ï¼š69.81 %,ã®ã©ã”ã—ï¼š69.23 %,ã®ã©ã”ã—ï¼š64.41 %,â€»ãƒ¬ãƒ“ãƒ¥ãƒ¼5ä»¶ä»¥ä¸ŠãŒå¯¾è±¡â€»2023å¹´4æœˆ19æ—¥ä»¥é™ã®ãƒ¬ãƒ“ãƒ¥ãƒ¼ãŒå¯¾è±¡,ã‚³ã‚¹ãƒ‘ãŒã„ã„ï¼š24.53 %,ã‚³ã‚¹ãƒ‘ãŒã„ã„ï¼š17.86 %,ã‚³ã‚¹ãƒ‘ãŒã„ã„ï¼š16.67 %,ã‚³ã‚¹ãƒ‘ãŒã„ã„ï¼š12.5 %,ã‚³ã‚¹ãƒ‘ãŒã„ã„ï¼š0 %,ã‚³ã‚¹ãƒ‘ãŒã„ã„ï¼š71.43 %,ã‚³ã‚¹ãƒ‘ãŒã„ã„ï¼š66.67 %,ã‚³ã‚¹ãƒ‘ãŒã„ã„ï¼š61.02 %,ã‚³ã‚¹ãƒ‘ãŒã„ã„ï¼š57.14 %,ã‚³ã‚¹ãƒ‘ãŒã„ã„ï¼š50 %,ã‚³ã‚¹ãƒ‘ãŒã„ã„ï¼š46.15 %,ã‚³ã‚¹ãƒ‘ãŒã„ã„ï¼š45.45 %,ã‚³ã‚¹ãƒ‘ãŒã„ã„ï¼š40 %,ã‚³ã‚¹ãƒ‘ãŒã„ã„ï¼š40 %,ã‚³ã‚¹ãƒ‘ãŒã„ã„ï¼š40 %,ã‚³ã‚¹ãƒ‘ãŒã„ã„ï¼š39.58 %,ã‚³ã‚¹ãƒ‘ãŒã„ã„ï¼š39.34 %,ã‚³ã‚¹ãƒ‘ãŒã„ã„ï¼š38.89 %,ã‚³ã‚¹ãƒ‘ãŒã„ã„ï¼š36.67 %,ã‚³ã‚¹ãƒ‘ãŒã„ã„ï¼š33.33 %,ã‚³ã‚¹ãƒ‘ãŒã„ã„ï¼š33.33 %,ã‚³ã‚¹ãƒ‘ãŒã„ã„ï¼š33.33 %,ã‚³ã‚¹ãƒ‘ãŒã„ã„ï¼š32.5 %,ã‚³ã‚¹ãƒ‘ãŒã„ã„ï¼š25 %,ã‚³ã‚¹ãƒ‘ãŒã„ã„ï¼š24.53 %,ã‚³ã‚¹ãƒ‘ãŒã„ã„ï¼š17.86 %,ã‚³ã‚¹ãƒ‘ãŒã„ã„ï¼š16.67 %,ã‚³ã‚¹ãƒ‘ãŒã„ã„ï¼š12.5 %,ã‚³ã‚¹ãƒ‘ãŒã„ã„ï¼š0 %,ã‚³ã‚¹ãƒ‘ãŒã„ã„ï¼š71.43 %,ã‚³ã‚¹ãƒ‘ãŒã„ã„ï¼š66.67 %,ã‚³ã‚¹ãƒ‘ãŒã„ã„ï¼š61.02 %,ã‚³ã‚¹ãƒ‘ãŒã„ã„ï¼š57.14 %,ã‚³ã‚¹ãƒ‘ãŒã„ã„ï¼š50 %,â€»ãƒ¬ãƒ“ãƒ¥ãƒ¼5ä»¶ä»¥ä¸ŠãŒå¯¾è±¡â€»2023å¹´4æœˆ19æ—¥ä»¥é™ã®ãƒ¬ãƒ“ãƒ¥ãƒ¼ãŒå¯¾è±¡,ãƒªãƒ”ãƒ¼ãƒˆã—ãŸã„ï¼š20 %,ãƒªãƒ”ãƒ¼ãƒˆã—ãŸã„ï¼š16.67 %,ãƒªãƒ”ãƒ¼ãƒˆã—ãŸã„ï¼š16.67 %,ãƒªãƒ”ãƒ¼ãƒˆã—ãŸã„ï¼š7.14 %,ãƒªãƒ”ãƒ¼ãƒˆã—ãŸã„ï¼š0 %,ãƒªãƒ”ãƒ¼ãƒˆã—ãŸã„ï¼š50.94 %,ãƒªãƒ”ãƒ¼ãƒˆã—ãŸã„ï¼š50 %,ãƒªãƒ”ãƒ¼ãƒˆã—ãŸã„ï¼š47.5 %,ãƒªãƒ”ãƒ¼ãƒˆã—ãŸã„ï¼š45.45 %,ãƒªãƒ”ãƒ¼ãƒˆã—ãŸã„ï¼š43.75 %,ãƒªãƒ”ãƒ¼ãƒˆã—ãŸã„ï¼š43.75 %,ãƒªãƒ”ãƒ¼ãƒˆã—ãŸã„ï¼š40 %,ãƒªãƒ”ãƒ¼ãƒˆã—ãŸã„ï¼š40 %,ãƒªãƒ”ãƒ¼ãƒˆã—ãŸã„ï¼š38.46 %,ãƒªãƒ”ãƒ¼ãƒˆã—ãŸã„ï¼š38.46 %,ãƒªãƒ”ãƒ¼ãƒˆã—ãŸã„ï¼š37.14 %,ãƒªãƒ”ãƒ¼ãƒˆã—ãŸã„ï¼š33.33 %,ãƒªãƒ”ãƒ¼ãƒˆã—ãŸã„ï¼š33.33 %,ãƒªãƒ”ãƒ¼ãƒˆã—ãŸã„ï¼š30 %,ãƒªãƒ”ãƒ¼ãƒˆã—ãŸã„ï¼š28.81 %,ãƒªãƒ”ãƒ¼ãƒˆã—ãŸã„ï¼š28.57 %,ãƒªãƒ”ãƒ¼ãƒˆã—ãŸã„ï¼š25 %,ãƒªãƒ”ãƒ¼ãƒˆã—ãŸã„ï¼š24.59 %,ãƒªãƒ”ãƒ¼ãƒˆã—ãŸã„ï¼š22.92 %,ãƒªãƒ”ãƒ¼ãƒˆã—ãŸã„ï¼š20 %,ãƒªãƒ”ãƒ¼ãƒˆã—ãŸã„ï¼š16.67 %,ãƒªãƒ”ãƒ¼ãƒˆã—ãŸã„ï¼š16.67 %,ãƒªãƒ”ãƒ¼ãƒˆã—ãŸã„ï¼š7.14 %,ãƒªãƒ”ãƒ¼ãƒˆã—ãŸã„ï¼š0 %,ãƒªãƒ”ãƒ¼ãƒˆã—ãŸã„ï¼š50.94 %,ãƒªãƒ”ãƒ¼ãƒˆã—ãŸã„ï¼š50 %,ãƒªãƒ”ãƒ¼ãƒˆã—ãŸã„ï¼š47.5 %,ãƒªãƒ”ãƒ¼ãƒˆã—ãŸã„ï¼š45.45 %,ãƒªãƒ”ãƒ¼ãƒˆã—ãŸã„ï¼š43.75 %,â€»ãƒ¬ãƒ“ãƒ¥ãƒ¼5ä»¶ä»¥ä¸ŠãŒå¯¾è±¡â€»2023å¹´4æœˆ19æ—¥ä»¥é™ã®ãƒ¬ãƒ“ãƒ¥ãƒ¼ãŒå¯¾è±¡,ç™ºå£²æ—¥ï¼š2023.02.01,ãƒ¡ãƒ¼ã‚«ãƒ¼ï¼šã‚µãƒƒãƒãƒ­ãƒ“ãƒ¼ãƒ«,ã‚¢ãƒ«ã‚³ãƒ¼ãƒ«åº¦æ•°/ã‚«ãƒ­ãƒªãƒ¼ï¼ˆ100mlã‚ãŸã‚Šï¼‰ï¼š5%/45kcal,åŽŸææ–™ï¼šç™ºæ³¡é…’ï¼ˆå›½å†…è£½é€ ï¼‰ï¼ˆéº¦èŠ½ã€ãƒ›ãƒƒãƒ—ã€å¤§éº¦ï¼‰ã€ã‚¹ãƒ”ãƒªãƒƒãƒ„ï¼ˆå¤§éº¦ï¼‰,"2022å¹´1æœˆãƒªãƒ‹ãƒ¥ãƒ¼ã‚¢ãƒ«,2023å¹´2æœˆãƒªãƒ‹ãƒ¥ãƒ¼ã‚¢ãƒ«",ãƒ“ãƒ¼ãƒ«ã‚‰ã—ã„é¢¨å‘³ã‚’æ„Ÿã˜ã‚‹,å‘³ã«é–¢ã—ã¦ã¯ã‚¹ãƒƒã‚­ãƒªã”ãã”ãã¨ã„ã†ã‚ˆã‚Šã¯å¥½ããªäººå‘ã‘ã®ã‚„ã‚„æ·±ã‚ã®å‘³ã‚ã„å¯„ã‚Šã®ã‚ˆã†ãªæ°—ãŒã—ã¾ã™ã€‚æœ¬æ ¼çš„ãªãƒ“ãƒ¼ãƒ«ã¨ã„ã†ã‚ã‘ã§ã¯ãªã„ã®ã§ã™ãŒã€ãã†ã„ã†ã®ãŒå¥½ããªäººãŒå®‰ã„ãŠé‡‘ã§é£²ã‚ã‚‹ã®ãŒã“ã®å•†å“ã®é­…åŠ›ã§ã—ã‚‡ã†ã‹ã€‚å€‹äººçš„ã«ã¯ã‚­ãƒ¬ã®ã‚ˆã†å‘³ã‚ã„ã®æ–¹ãŒå¥½ãã§ã™ãŒã€ã“ã¡ã‚‰ã‚‚ç¾Žå‘³ã—ãæ¥½ã—ã¿ã¾ã—ãŸã€‚é¦™ã‚Šã‚’æ¥½ã—ã¿ãŸã„äººã«ã‚‚ã„ã„ã®ã‹ã‚‚ã—ã‚Œã¾ã›ã‚“ã€‚,è³¼å…¥å ´æ‰€ï¼šãƒ•ã‚£ãƒ¼ãƒ«,ã‚°ã‚¤ã‚°ã‚¤ã®ã‚ã¾ã™,"é‡‘æ›œæ—¥ã®å®…é£²ã¿ã‚¹ã‚¿ãƒ¼ãƒˆã¯ã“ã¡ã‚‰ã€éº¦100%ã®é«˜æ¿ƒåº¦ä»•è¾¼ã¿ã®ã€Œéº¦ã¨ãƒ›ãƒƒãƒ—ã€ã‹ã‚‰ï¼ã®ã©ã”ã—ã‚ˆãç–²ã‚ŒãŒãµã£ã¨ã³ã¾ã™ã€‚
ã—ã£ã‹ã‚Šã¨ãƒ“ãƒ¼ãƒ«ã®å‘³ã‚ã„ã‚ã‚Šã€‚ãƒªã‚­ãƒ¥ãƒ¼ãƒ«ç™ºæ³¡é…’ã‚‚ä¾®ã‚Œã¾ã›ã‚“ã­ã€‚
ãŸã ã‚‚ã†å°‘ã—ã‚­ãƒ¡ã®ç´°ã‚„ã‹ã•ãŒã»ã—ã„ã€‚ãã‚ŒãŒã‚ã‚‹ã¨ï¼’ç¼¶ç›®ã«ã„ã‘ã‚‹ã®ã«ãªï½žã¨æ€ã„ã¾ã—ãŸã€‚",ã‚³ã‚¯ã‚‚ã‚ã‚Šé£²ã¿ã‚„ã™ã„ã§ã™,ç¬¬ä¸‰ã®ãƒ“ãƒ¼ãƒ«ã®ã‚ã‚Šã«ã¯ã‚³ã‚¯ãŒã‚ã‚Šé£²ã¿ã‚„ã™ã„ã®ã§é¢¨å‘‚ä¸Šã‚Šã«é£²ã‚€ã®ã«æœ€é©ã§ã™ã€‚è‡ªåˆ†ã«ã¯ã‚‚ã†å°‘ã—ã‚³ã‚¯ãŒæ¬²ã—ã„ã®ã§ã€ã“ã®é–“ç„¼ãè‚‰ã‚’é£Ÿã¹ãŸã¨ãã¯éº¦ã¨ãƒ›ãƒƒãƒ—ã®é»’ã‚’è²·ã„ãƒãƒ¼ãƒ•ã‚¢ãƒ³ãƒ‰ãƒãƒ¼ãƒ•ã§é£²ã¿ã¾ã—ãŸã€ç„¼ãè‚‰ãªã©ã«ã¯ã¨ã¦ã‚‚ã„ã„ã¨æ€ã„ã¾ã—ãŸã€‚,è³¼å…¥å ´æ‰€ï¼šãƒžãƒ«ã‚¨ãƒ„,å®‰ãã¦ãŠã„ã—ã„,"ç¬¬3ã®ãƒ“ãƒ¼ãƒ«ãªã®ã§å®‰ã„ã§ã™ãŒã¨ã¦ã‚‚ãŠã„ã—ã„ã§ã™ã€‚
ç‚­é…¸ã¯ãã‚ç´°ã‹ãªãŒã‚‰ã‚„ã‚„å¼·ãã€é…¸å‘³ã¯ä¸»å¼µã—ã™ãŽãšå£è§¦ã‚ŠãŒè‰¯ã„ã§ã™ã€‚
éº¦ã®é¢¨å‘³ã‚‚è‰¯ãã€ã‚³ã‚¯ãŒã‚ã‚‹ã‘ã©ã—ã¤ã“ããªãä¸Šå“ãªãŠã„ã—ã•ã§ã™ã€‚
ã®ã©ã”ã—ã‚’æ¥½ã—ã‚€ã®ã‚‚è‰¯ã„ã§ã™ãŒã€ä¸€æ°—ã«é£²ã¿è¾¼ã¾ãšèˆŒã§å‘³ã‚ã„ãŸããªã‚Šã¾ã—ãŸã€‚
ãƒ‘ãƒƒã‚±ãƒ¼ã‚¸ãŒè¯ã‚„ã‹ãªã®ã‚‚å¥½å°è±¡ã§ã™ã€‚",ã‚³ã‚¯ãŒæ·±ã„,åˆã‚ã¦è³¼å…¥ã—ã¾ã—ãŸã€‚æ›¸ã„ã¦ã‚ã‚‹é€šã‚Šã‚³ã‚¯ãŒã‚ˆãèžã„ã¦ã„ã¾ã—ãŸã€ã„ã¤ã‚‚ã¯ã‚´ãƒ¼ãƒ«ãƒ‰ã‚¹ã‚¿ãƒ¼ã‚’è²·ã†ã®ã§ã™ãŒæ¯”ã¹ã‚‹ã¨ç§ã¯ã‚´ãƒ¼ãƒ«ãƒ‰ã‚¹ã‚¿ãƒ¼ã®æ–¹ãŒã‚³ã‚¯ã¨å–‰è¶Šã—ãŒã‚ˆã‹ã£ãŸã§ã™ã€‚ç¾Žå‘³ã—ã‹ã£ãŸã®ã§ã™ãŒç§ã¯æ¬¡ã‹ã‚‰ã¯ã‚´ãƒ¼ãƒ«ãƒ‰ã‚¹ã‚¿ãƒ¼ã‚’ã‹ã„ã¾ã™,è³¼å…¥å ´æ‰€ï¼šãƒ­ãƒ”ã‚¢,æ—¨ã¿ãŒã—ã£ã‹ã‚Šã‚ã‚‹,å¿ƒåœ°è‰¯ã„å–‰ã”ã—ã®ä¸­ã«éº¦ã®æ—¨ã¿ãŒæ„Ÿã˜ã‚‰ã‚Œã¦ã—ã£ã‹ã‚Šç¾Žå‘³ã—ã„ã—ä½™éŸ»ã«ãƒ›ãƒƒãƒ—ã®é¦™ã‚ŠãŒã—ã¦å¾Œå‘³ã‚‚ã„ã„ã§ã™ã€‚ã¾ã•ã«åå‰ã®é€šã‚Šã ãªã¨ã„ã†å°è±¡ã§ã—ãŸã€‚éº¦100ï¼…ãªã®ã§ãƒ“ãƒ¼ãƒ«ã«è¿‘ã„æ„Ÿã˜ã¯ã‚ã‚‹ã‘ã©è‹¦å‘³ã‚„ã‚­ãƒ¬ã¯æŠ‘ãˆã¤ã¤ãªã®ã§é£²ã¿ã‚„ã™ã•ã¯ã‹ãªã‚Šã„ã„ã¨æ€ã„ã¾ã™ã€‚,è³¼å…¥å ´æ‰€ï¼šãƒ“ãƒƒã‚°ãƒ»ã‚¨ãƒ¼,ã‚³ã‚¯ç³»æ–°ã‚¸ãƒ£ãƒ³ãƒ«,ã‚´ãƒ¼ãƒ«ãƒ‰ã‚¹ã‚¿ãƒ¼ã«ä¸»å½¹ã‚’å¥ªã‚ã‚Œã€è²©å£²ã—ã¦ã‚‹åº—èˆ—ãŒå°‘ãªããªã‚Šã¤ã¤ã‚ã‚Šã¾ã™ãŒã€ã‚´ãƒ¼ãƒ«ãƒ‰ã‚¹ã‚¿ãƒ¼ãŒã‚¹ãƒƒã‚­ãƒªç³»ãªã‚‰ã“ã¡ã‚‰ã¯ã‚³ã‚¯ç³»ã«ãªã‚Šã¾ã™ã€‚ä¹…ã€…ã«è³¼å…¥ã—ã¾ã—ãŸãŒã€ã‚³ã‚¯ãŒå¼·ãã¾ãŸã€ã®ã©ã”ã—ã‚‚ã‚ˆãã‚¹ãƒ”ãƒªãƒƒãƒ„ç³»ã®é›‘å‘³ã‚‚æ„Ÿã˜ã‚‰ã‚Œãªã„ã§ã™ã€‚,è³¼å…¥å ´æ‰€ï¼šãƒ€ã‚¤ãƒ¬ãƒƒã‚¯ã‚¹,å°‘ã—æ·¡ç™½ã‹ãª,ä»Šå›žè³¼å…¥ã—ãŸã®ã¯ã“ã¡ã‚‰ã®éº¦ã¨ãƒ›ãƒƒãƒ—ã€‚å£å½“ãŸã‚ŠãŒã‚ˆãã•ã£ã±ã‚Šã—ãŸé£²ã¿å£ã§ã™ãŒã€å°‘ã—æ·¡ç™½ã‹ãªã¨ã„ã†ã®ãŒæ­£ç›´ãªã¨ã“ã‚ã§ã™ã€‚ç§ã¯åŒã˜ã‚µãƒƒãƒãƒ­ã®ç¬¬3ã§ã‚‚ã‚´ãƒ¼ãƒ«ãƒ‰ã‚¹ã‚¿ãƒ¼ã®æ–¹ãŒå¥½ãã‹ãªã¨æ€ã„ã¾ã—ãŸã€‚,ã™ã£ãã‚Šãƒ©ã‚¤ãƒˆ,"éº¦ã®é¦™ã°ã—ã•ã€ç‰¹ã«ãƒ›ãƒƒãƒ—ã®é¦™ã‚ŠãŒã‚ˆãæ„Ÿã˜ã€ã‹ãªã‚Šã®æ¿ƒåº¦ã§æŠ½å‡ºã•ã‚Œã¦ã„ã‚‹ã®ãŒã‚ã‹ã‚Šã¾ã™ã€‚
è‹¦ã¿ã¯ãã“ã¾ã§ãªãã€è»½ã‚„ã‹ã§é£²ã¿ã‚„ã™ã„å‘³ã§ã€å¤ã«é£²ã¿ãŸã„å‘³ã§ã™ã€‚",éº¦ã®å‘³ãŒã™ã‚‹é£²ã¿ã‚„ã™ã•,"ã¯ã˜ã‚ã¦é£²ã‚“ã æ™‚ã«æ„Ÿã˜ãŸã®ã¯ã€ãƒ“ãƒ¼ãƒ«ã¨ã®é•ã„ãŒã»ã¨ã‚“ã©ãªã„ã¨ã„ã†äº‹ã§ã—ãŸã€‚
ã‚¸ãƒ£ãƒ³ãƒ«ã¨ã—ã¦ã¯ãƒ“ãƒ¼ãƒ«ã«åˆ†é¡žã•ã‚Œãªã„ã®ã«ã“ã“ã¾ã§ç¾Žå‘³ã—ã„ã‚‚ã®ãŒã§ãã‚‹ã®ã ã¨æ„Ÿå¿ƒã—ãŸã®ã‚’è¦šãˆã¦ã„ã¾ã™ã€‚
å‘³ã¯éº¦ã®é¢¨å‘³ãŒã—ã£ã‹ã‚Šã¨ã‚ã£ã¦ã€ã‚³ã‚¯ã‚‚ã‚ã‚Šé£²ã¿é£½ããªã„ã‚‚ã®ã§ã™ã€‚
ãƒ¡ãƒ¼ã‚«ãƒ¼ã®è‰¯ã„å‘³ã‚’ç›®æŒ‡ã™é–‹ç™ºåŠ›ã€ã‚‚ã®ã¥ãã‚Šã®åŠ›ã‚’æ„Ÿã˜ã•ã›ã‚‰ã‚Œã¾ã™ã€‚",éº¦ã¨ãƒ›ãƒƒãƒ—,éº¦ã¨ãƒ›ãƒƒãƒ—ã®é…åˆã®å‰²åˆã¯ãƒãƒ©ãƒ³ã‚¹ãŒå–ã‚Œã¦ã„ã‚‹ã¨æ€ã„ã¾ã™ã€‚ç‰¹æ®µã€å‘³ã¯ç›®ç«‹ã£ãŸã‚‚ã®ã§ã¯ã‚ã‚Šã¾ã›ã‚“ãŒã€å„ªã—ã„å‘³ã‚ã„ã§é£²ã¿ã‚„ã™ã„ã§ã™ã€‚å•†å“åé€šã‚Šã®å†…å®¹ã§ã—ãŸã€‚,æœ¬æ ¼ãƒ“ãƒ¼ãƒ«ã«è¿‘ã„å‘³ã‚ã„,ã€Œéº¦ã¨ãƒ›ãƒƒãƒ—ã€ã¨ã„ã†åå‰ã®é€šã‚Šã€ã—ã£ã‹ã‚Šéº¦ã®ã†ã¾ã¿ãŒæ„Ÿã˜ã‚‰ã‚Œã€ãƒ“ãƒ¼ãƒ«ã«è¿‘ã„å‘³ã‚ã„ã§ã™ã€‚ã“ã ã‚ã‚Šã®ãƒ‰ã‚¤ãƒ„ç”£ã‚¢ãƒ­ãƒžãƒ›ãƒƒãƒ—ã‚’ä½¿ç”¨ã—ã€ã€ŒåŽ³é¸ã†ã¾ã¿éº¦èŠ½ã€ã‚’æŽ¡ç”¨ã—ãŸã®ã“ã¨ã§ã€ã‚ˆã‚Šæœ¬ç‰©ã«è¿‘ã„ç¾Žå‘³ã—ã•ã‚’å®Ÿç¾ã§ããŸã®ã‹ãªã¨æ€ã„ã¾ã™ã€‚å¾Œå‘³ã‚‚ã‚¹ãƒƒã‚­ãƒªã§é£Ÿäº‹ã¨ã‚‚ã‚ˆãåˆã„ã¾ã™ã€‚,é£²ã¿ã‚„ã™ã„,"ãƒ‘ãƒƒã‚±ãƒ¼ã‚¸ãƒ‡ã‚¶ã‚¤ãƒ³ãŒã‚´ãƒ¼ãƒ«ãƒ‰ã§ã„ã„ã§ã™ã­ã€å£²å ´ã§ç›®ã ã£ã¦ã„ã¾ã—ãŸã€‚ãŠã„ã—ãã†ï¼ã¨æœŸå¾…ã—ã¡ã‚ƒã„ã¾ã™ã€‚
ã‚¯ã‚»ãŒãªãé£²ã¿ã‚„ã™ã‹ã£ãŸã§ã™ã€‚ãã‚Œã§ã„ã¦ã¡ã‚ƒã‚“ã¨ãƒ“ãƒ¼ãƒ«ã‚’æ„Ÿã˜ã‚‰ã‚Œã¾ã—ãŸã€‚ç¬¬ï¼“ã®ãƒ“ãƒ¼ãƒ«ã§ã™ãŒã€ã‚¢ãƒ«ã‚³ãƒ¼ãƒ«ã‚’æ„Ÿã˜ã‚‰ã‚ŒãŸã®ãŒã‚ˆã‹ã£ãŸã§ã™ã€‚é¦™ã‚Šã‚‚ã‚ã£ã¦ã‹ã€ãƒªãƒƒãƒãªæ„Ÿã˜ãŒã—ã¾ã—ãŸã€‚ã‚³ã‚¹ãƒ‘ãŒã„ã„ã®ã¯åŠ©ã‹ã‚Šã¾ã™ã€‚
è‹¦å‘³ã‚‚ã‚ã‚Šã¾ã™ãŒè‹¦ã™ãŽãšã€ã‚³ã‚¯ã‚‚ã»ã©ã‚ˆãã‚ã‚Šã¾ã—ãŸã€‚å¾Œå‘³ã‚‚å¤‰ãªå‘³ãŒãªã„ã®ã‚‚ã„ã„ã§ã™ã­ã€‚é£Ÿäº‹ã«åˆã„ã¾ã™ã€‚æœ¬å½“ã«ä¸€è¨€ã§ã„ã£ãŸã‚‰ãƒãƒ©ãƒ³ã‚¹ãŒã„ã„ã€ã§ã™ã‹ã­ã€‚ã¿ã‚“ãªã«å¥½ã‹ã‚Œã‚‹å‘³ã ã¨æ€ã„ã¾ã™ã€‚
",ãƒãƒ©ãƒ³ã‚¹ãŒè‰¯ã„,ç™ºæ³¡é…’ãªã®ã«ãã¡ã‚“ã¨ã‚³ã‚¯ã‚‚è‹¦å‘³ã‚‚æ·±ã¿ã‚‚ã‚ã‚‹ã€ãƒãƒ©ãƒ³ã‚¹ã®è‰¯ã„å‘³ã€‚ã‚´ãƒ¼ãƒ«ãƒ‰ã€é»’ã€èµ¤ã€æ±åŒ—é™å®šã‚’é£²ã¿ã¾ã—ãŸãŒã€ãã‚Œãžã‚Œç¾Žå‘³ã—ã„ã€‚,è³¼å…¥å ´æ‰€ï¼šã‚«ã‚¯ãƒ¤ã‚¹,ã‚­ãƒ¬ã¨å–‰è¶Šã—ã¯ç¬¬ä¸‰ã®ãƒ“ãƒ¼ãƒ«ã®ä¸­ã§ã¯ç¾¤ã‚’æŠœã,"éº¦ï¼‘ï¼ï¼ãƒ‘ãƒ¼ã‚»ãƒ³ãƒˆã§ä½œã‚‰ã‚ŒãŸç¬¬ä¸‰ã®ãƒ“ãƒ¼ãƒ«ã€‚
ã‚µãƒƒãƒãƒ­ã®ãƒ“ãƒ¼ãƒ«ç‰¹æœ‰ã®ã»ã‚è‹¦ã•ã€ã‚­ãƒ¬ã®è‰¯ã•ãŒæ„Ÿã˜ã‚‰ã‚Œã¾ã™ã€‚ã‚¯ãƒ©ã‚·ã‚«ãƒ«ãªæ˜”ã‹ã‚‰ã‚ã‚‹ãƒ“ãƒ¼ãƒ«ã®å‘³ã¨ã„ã„ã¾ã™ã‹ã€‚
ã‚µãƒƒãƒãƒ­ã•ã‚“ã®ç¬¬ä¸‰ã®ãƒ“ãƒ¼ãƒ«ã§ã¯ã‚´ãƒ¼ãƒ«ãƒ‰ã‚¹ã‚¿ãƒ¼ãŒå¥½ãã§ã‚ˆãé£²ã¿ã¾ã™ãŒã€éº¦ã¨ãƒ›ãƒƒãƒ—ã‚‚ã‚­ãƒ¬ã¨å–‰è¶Šã—ã§ã¯è² ã‘ã¦ã„ã¾ã›ã‚“ã€‚
å®‰ä¾¡ãªç¬¬ä¸‰ã®ãƒ“ãƒ¼ãƒ«ã§ã“ã®ã‚ˆã†ãªç¾Žå‘³ã—ã•ã‚’è¡¨ç¾ã§ãã‚‹ã“ã¨ã«é©šãã§ã™ã€‚
æ§˜ã€…ãªä¼æ¥­åŠªåŠ›ã®è³œç‰©ã§å‡ºæ¥ãŸå•†å“ãªã®ã ã‚ã†ãªã¨æ€ã„ã¾ã—ãŸ",è³¼å…¥å ´æ‰€ï¼šãƒ„ãƒ«ãƒ,é€€ä¼šæ¸ˆãƒ¦ãƒ¼ã‚¶ãƒ¼ã§ã™,éžå¸¸ã«ãƒãƒ©ãƒ³ã‚¹ã®è‰¯ã„å‘³,"ç™ºæ³¡é…’ã‚„ç¬¬ä¸‰ã®ãƒ“ãƒ¼ãƒ«ã®å‘³ã¯å¤§ããåˆ†ã‘ã‚‹ã¨ã€ã€Œãƒ“ãƒ¼ãƒ«ã£ã½ã•ãŒå¼·ã„åˆ†ã€å«Œãªã‚¯ã‚»ã‚‚ã‚ã‚‹å‘³ã€ã¨ã€Œãƒ“ãƒ¼ãƒ«ã£ã½ã•ãŒæŽ§ãˆã‚ãªåˆ†ã€å«Œãªã‚¯ã‚»ã‚‚ãªã„å‘³ã€ã«åˆ†ã‹ã‚Œã‚‹æ°—ãŒã™ã‚‹ã®ã§ã™ãŒã€éº¦ã¨ãƒ›ãƒƒãƒ—ã¯ä¸Šè¨˜äºŒã¤ã®è‰¯ã„ã¨ã“å–ã‚Šã§ã€éžå¸¸ã«ãƒãƒ©ãƒ³ã‚¹ã®è‰¯ã„å‘³ã«æ„Ÿã˜ã¾ã—ãŸã€‚

éº¦100ï¼…ã‚’ã†ãŸã£ã¦ã„ã‚‹ã ã‘ã‚ã£ã¦ã¡ã‚ƒã‚“ã¨éº¦ã®é¢¨å‘³ãŒã™ã‚‹ã—ã€è‹¦ã¿ãƒ»é…¸å‘³ãƒ»ã‚¢ãƒ­ãƒžãƒ›ãƒƒãƒ—ç”±æ¥ã¨æ€ã‚ã‚Œã‚‹ãƒ•ãƒ«ãƒ¼ãƒ†ã‚£ãƒ¼ã•ãªã©ã‚‚ã—ã£ã‹ã‚Šã‚ã‚Šã¾ã™ã€‚
ãã‚Œã§ã„ã¦ã€å«Œãªã‚¯ã‚»ï¼ˆãˆãã¿ã‚„é›‘å‘³ï¼‰ã‚’ã‚ã¾ã‚Šæ„Ÿã˜ãšã€é¢¨å‘³ã®åŠ æ¸›ãŒçµ¶å¦™ã§ã™ã€‚

ãƒ“ãƒ¼ãƒ«ã«ä¼¼ãŸå‘³ã‹ã¨ã„ã†ã¨å¾®å¦™ã§ã™ãŒã€ç¬¬ä¸‰ã®ãƒ“ãƒ¼ãƒ«ãŒè‹¦æ‰‹ãªäººä»¥å¤–ã«ã¯åºƒãå—ã‘å…¥ã‚Œã‚‰ã‚Œãã†ãªå‘³ã ã¨æ€ã„ã¾ã™ã€‚",ã®ã©è¶Šã—ãŒè‰¯ã„,"éº¦ã¨ãƒ›ãƒƒãƒ—ã¨ã„ã†ãƒãƒ¼ãƒŸãƒ³ã‚°é€šã‚Šã€éº¦100%ãªã®ã§ã€é¦™ã‚ŠãŒè‰¯ã„ã§ã™ã€‚ã®ã©è¶Šã—ãŒè‰¯ãã€ã‚­ãƒ¬ãŒã‚ã‚‹ã‚ˆã†ã«æ„Ÿã˜ã¾ã—ãŸã€‚
é£Ÿäº‹ã¨ã®ç›¸æ€§ã‚‚è‰¯ãã€ã©ã‚“ã©ã‚“é£²ã¿é€²ã¿ã¾ã—ãŸã€‚
ç¾Žå‘³ã—ã„ãƒ“ãƒ¼ãƒ«ã ã¨æ€ã„ã¾ã™ã€‚",é£²ã¿ã”ãŸãˆã¯ååˆ†,"ã®ã©ã”ã—ã‚„ã‚­ãƒ¬ã€ã¨ã„ã†ã‚ˆã‚Šã‚³ã‚¯é‡è¦–ã§ã€ã—ã£ã‹ã‚Šã¨ã—ãŸé£²ã¿ã”ãŸãˆãŒã‚¦ãƒªã€ã¨ã„ã†æ„Ÿã˜ã€‚

é£²ã‚“ã çž¬é–“ã‹ã‚‰ãƒ“ãƒ¼ãƒ«ã‚‰ã—ã•ã®ã‚ã‚‹éº¦èŠ½ã®å‘³ãŒã—ã€é£²ã¿å¹²ã™ã¾ã§ãã¡ã‚“ã¨æ„Ÿã˜ã‚‰ã‚Œã‚‹ã¨ã“ã‚ãŒè‰¯ã„ã€‚

ç·ã˜ã¦ãƒ“ãƒ¼ãƒ«ã»ã©ã®ãƒ‘ãƒ³ãƒãŒãªã„ã®ã¯ã€æ–°ã‚¸ãƒ£ãƒ³ãƒ«ã ã‘ã«ä»•æ–¹ã®ãªã„ã¨ã“ã‚ã ãŒã€ãã‚Œã§ã‚‚ãƒ“ãƒ¼ãƒ«ã‚’é£²ã¿ãŸã„ãªã‚ã€ã¨ã„ã†æ°—åˆ†ã«ã¯ååˆ†å¿œãˆã¦ãã‚Œã‚‹ã ã‘ã®æº€è¶³æ„Ÿã¯å¾—ã‚‰ã‚Œã‚‹ã€‚

ã‚ªãƒ¼ã‚½ãƒ‰ãƒƒã‚¯ã‚¹ãªãƒ“ãƒ¼ãƒ«ãŒå¥½ããªäººã«ã¯ã“ã‚Œã¯ãªã“ãªã‹ã„ã„ã¨æ€ã†ã€‚",è³¼å…¥å ´æ‰€ï¼šã‚¤ã‚ªãƒ³,,éº¦100%ã¨ã„ã†ã ã‘ã‚ã£ã¦é¦™ã‚Šã¨ã‚³ã‚¯ãŒæ„Ÿã˜ã‚‰ã‚Œã¾ã™ã€‚ç¨‹ã‚ˆã„è‹¦å‘³ã‚‚ã‚ã£ã¦æ–™ç†ã¨ã®ç›¸æ€§ã‚‚è‰¯ã„ã§ã™ã€‚æ–°ã‚¸ãƒ£ãƒ³ãƒ«ã®ãŠå€¤æ®µã§ãƒ“ãƒ¼ãƒ«ãƒ†ã‚¤ã‚¹ãƒˆãŒæ¥½ã—ã‚ã¦ã„ã„ã§ã™ã­ã€‚ç™ºæ³¡é…’ãªã®ã«ã—ã£ã‹ã‚Šãƒ“ãƒ¼ãƒ«ã®å‘³ã‚ã„ãŒå†ç¾ã•ã‚Œã¦ã„ã¦ã€ã¾ãŸé£²ã¿ãŸããªã‚‹å•†å“ã§ã—ãŸã€‚,,"ç™ºæ³¡é…’ã§ã¯ã‚ã‚Šã¾ã™ãŒã€ã‹ãªã‚Šãƒ“ãƒ¼ãƒ«ã«è¿‘ã„å‘³ã‚ã„ã§ã™ï¼
ãã—ã¦è¾›å£ã§ã™ãŒé£²ã¿ã‚„ã™ã„â™ªðŸº
éº¦ã®æ¿ƒã•ãŒç‰¹å¾´çš„ã§ã€ã—ã£ã‹ã‚Šã‚­ãƒ¬ã‚‚ã‚ã‚Šã¾ã™â—Žã€‚
è‹¦å‘³ãŒã‚¯ã‚»ã«ãªã‚Šã€é£Ÿäº‹ã«ã‚‚ã‚ˆãåˆã„ã¾ã—ãŸã€‚ðŸ™†",,"ã€Žéº¦ã¨ãƒãƒƒãƒ—ã€
ãµã‚ãµã‚ã‚¯ãƒªãƒ¼ãƒŸãƒ¼ãªæ³¡ã«ã†ã£ã¨ã‚Šã€‚
ã²ã¨ãã¡ç›®ã¯ã‚³ãƒ¼ãƒ³ã£ã½ãæ„Ÿã˜ãŸã‚“ã ã‘ã©ã€æ°—ã®ã›ã„ã§ã—ãŸã€‚
ã‚¹ãƒ”ãƒªãƒƒãƒ„ã‚‚éº¦ç”±æ¥ã¨éº¦100%ã®å•†å“ã§ã™ã€‚
ã‚¢ãƒ­ãƒžãƒãƒƒãƒ—ã®é¦™ã‚Šç³»ã¨è»½ã„è‹¦å‘³ã€éº¦ã®ç”˜å‘³ã‚‚ã‹ãªã‚Šã‚ã‚Šã¾ã™ã€‚
5%ã§ã™ãŒã‚¢ãƒ«ã‚³ãƒ¼ãƒ«ãŒã¡ã‚ƒã‚“ã¨ä¸»å¼µã—ã¦ãã‚‹ã®ã§é£²ã¿ã”ãŸãˆã¯å……åˆ†ã€‚
ãŸã æ€ã£ãŸã‚ˆã‚Šã‚‚ã‚³ã‚¯ã«é–¢ã—ã¦ã¯æ„Ÿã˜å–ã‚Œãšã€‚
ã©ã£ã—ã‚Šãƒ“ãƒ¼ãƒ«ãŒå¥½ããªã®ã§ã€ç§ã«ã¨ã£ã¦ã¯è»½ã‚ã«æ„Ÿã˜ã‚‹ã—ã€é¦™ã‚Šç³»ã®ç‰¹å¾´ãŒå‡ºã¦ã„ã¦å¥½ããªã‚¿ã‚¤ãƒ—ã§ã¯ãªã„ã§ã™ã€‚
ã‚µãƒƒãƒãƒ­ã®ãƒ“ãƒ¼ãƒ«ãŒè‰¯ã™ãŽã‚‹ã®ã§ãƒãƒ¼ãƒ‰ãƒ«ãŒé«˜ããªã£ã¡ã‚ƒã†ã®ã¯è‡´ã—æ–¹ãªã„ã‹ã€‚",,éº¦ã®å‘³ãŒã—ã£ã‹ã‚Šã¨ã—ã¦é™ã‚Šãªããƒ“ãƒ¼ãƒ«ã«è¿‘ã„ã¨æ€ã„ã¾ã—ãŸã€‚åŠ›å¼·ã„å‘³ã§é£²ã¿ã”ãŸãˆã‚‚å……åˆ†ã§å¤•é£Ÿæ™‚ã«ã¯ã„ã¤ã‚‚éº¦ã¨ãƒ›ãƒƒãƒ—ã§ã™ã€‚ã‚´ãƒ¼ãƒ«ãƒ‰ã®ç¼¶ã‚‚ãã‚Œã„ã§ç¾Žå‘³ã—ãã†ã«è¦‹ãˆã¾ã™ã€‚,,"ãƒªãƒ‹ãƒ¥ãƒ¼ã‚¢ãƒ«ã•ã‚ŒãŸã‚‰ã—ã„ã§ã™ã€‚
æ–°ã‚¸ãƒ£ãƒ³ãƒ«ã¨ã—ã¦ã¯ã€ä¼æ¥­åŠªåŠ›ã™ã”ã„ã¨æ€ã„ã¾ã—ãŸã€‚ãƒ“ãƒ¼ãƒ«ã§ã™ã‚ˆã€‚ã“ã‚Œã€‚
ç¾Žå‘³ã—ã„ã§ã™ã€‚
ã“ãã¨è‹¦å‘³ãŒã„ã„å‘³ã‚ã„ã§ã™ã­ã€‚
è¾›å£ãŒå¥½ããªäººã«ã¯ç‰©è¶³ã‚Šãªã„ã‹ãªã¨ã€‚ã€‚ã€‚

",é€€ä¼šæ¸ˆãƒ¦ãƒ¼ã‚¶ãƒ¼ã§ã™,,"éº¦ã¨ãƒ›ãƒƒãƒ—ä¹…ã—ã¶ã‚Šã«é£²ã¿ã¾ã—ãŸã€‚
ä»¥å‰ã¨ãƒ‡ã‚¶ã‚¤ãƒ³ãŒå¤‰ã‚ã£ã¦ã€å•†å“ç‰¹å¾´ãŒåˆ†ã‹ã‚Šã‚„ã™ãã¦è‰¯ã„ã§ã™ã­ã€‚ãƒ“ãƒ¼ãƒ«ã®æ§˜ãªãƒ‘ãƒƒã‚±ãƒ¼ã‚¸ãŒé­…åŠ›çš„ã€‚ã€€
æ³¡ç«‹ã¡ã¯ã‚„ã‚„å¼±ã„ã‘ã©ã€ã‚³ã‚¯ãŒã‚ã£ã¦ç¾Žå‘³ã—ã„ã€‚
",,éº¦ã¨ãƒ›ãƒƒãƒ—ã¨ã„ã†å•†å“åã ã‘ã‚ã£ã¦ã€é¦™ã‚ŠãŒå¼·ãç¾Žå‘³ã—ã•ã‚’æ„Ÿã˜ã¾ã—ãŸã€‚ã‚¬ãƒ„ãƒ³ã¨ã—ãŸã‚­ãƒ¬ã¯æ„Ÿã˜ã¾ã›ã‚“ãŒã€è‹¦å‘³ã‚„ç‚­é…¸ã¯æœ¬å½“ã«ã¡ã‚‡ã†ã©ã„ã„å‘³ã‚ã„ã§ã™ã€‚ç§ã¯350mlã§ååˆ†ã§ã™ãŒã€æš‘ã„æ—¥ãŒç¶šãã®ã§ã€æ—¦é‚£ã«ã¯500mlã‚’è³¼å…¥ã—ã¦ã‚ã’ã‚‹ã“ã¨ã«ã—ã¾ã—ãŸã€‚ãŠã„ã—ã„ã­ã€ã¨è¨€ã„ãªãŒã‚‰é£²ã‚“ã§ã¾ã—ãŸã€‚ã¾ãŸè²·ãŠã†ã¨æ€ã„ã¾ã™ã€‚,,"ãƒ›ãƒƒãƒ—ã®é¦™ã‚ŠãŒã—ã¦ã‚³ã‚¯ã‚‚ã‚ã‚Šã€ãƒ“ãƒ¼ãƒ«ã«è¿‘ã„å‘³ã§ç¾Žå‘³ã—ãã„ãŸã ã‘ã‚‹ã€‚ã‚­ãƒªãƒƒã¨ã—ã¦ã„ã¦å‘³ã‚ã„ã‚‚ã‚ã‚Šã€è„‚ã£ã“ã„é£Ÿäº‹ã‚„å‘³ã®æ¿ƒã„é£Ÿäº‹ã«ã‚‚ã‚ˆãåˆã†ã€‚
æœ€è¿‘ã‚ˆãè³¼å…¥ã™ã‚‹å•†å“ã€‚",,ä¹…ã—ã¶ã‚Šã«ãƒ’ãƒƒãƒˆã—ãŸãƒ“ãƒ¼ãƒ«ã§ã—ãŸã€‚ã™ã£ã¨é£²ã‚ã¦ã€ãšã£ã¨é£½ããšã«é£²ã‚ã‚‹å‘³ã‚ã„ãŒã¨ã¦ã‚‚è‰¯ã‹ã£ãŸã§ã™ã€‚æ¬¡ã¯ç®±è²·ã„ã—ã‚ˆã†ã‹ã¨æ€ã„ã¾ã—ãŸã€‚,,æ–°ã‚¸ãƒ£ãƒ³ãƒ«ã®ãƒ“ãƒ¼ãƒ«ã®ä¸­ã§ã¯ã¨ã¦ã‚‚æ™®é€šã®ãƒ“ãƒ¼ãƒ«ã«è¿‘ã¥ã„ã¦ã„ã‚‹ å‘³ã‚ã„ã®ã‚ã‚‹ãƒ“ãƒ¼ãƒ«ã ã¨æ€ã„ã¾ã™ã€‚ è‰²ã€…ãªãƒ“ãƒ¼ãƒ«ã‚’ä»Šè©¦ã—ã¦ã‚‹ä¸­ã§ ã¨ã¦ã‚‚å¥½ããªå‘³ã§ã™ã€‚ ã‚‚ã†å°‘ã—ã‚³ã‚¯ãŒã‚¢ãƒƒãƒ—ã™ã‚‹ã¨ã‚ˆã‚Šä¸€å±¤ãƒ“ãƒ¼ãƒ«ã«è¿‘ã¥ã„ã¦ã„ã‚‹ãªã¨æ€ã„ã¾ã™ã€‚ ãƒ‘ãƒƒã‚±ãƒ¼ã‚¸ãƒ‡ã‚¶ã‚¤ãƒ³ã‚‚é»„é‡‘è‰²ã§ è½ã¡ç€ã„ã¦ã„ã‚‹ã‚ˆã†ã§è¯ã‚„ã‹ãªæ„Ÿã˜ãŒã—ã¦ã„ã„ã¨æ€ã„ã¾ã™ã€‚,,"æ–°ã‚¸ãƒ£ãƒ³ãƒ«ã®ä¸­ã§ã¯å®šç•ªã§åŒã˜ã‚·ãƒªãƒ¼ã‚ºã®ä¸­ã§ã‚‚
åº¦æ•°ã‚’ä¸Šã’ãŸã‚Šã€ã„ã‚ã„ã‚ãªãƒãƒªã‚¨ãƒ¼ã‚·ãƒ§ãƒ³ãŒä½œã‚‰ã‚Œã¦ã„ã¾ã™ãŒ
ã‚­ãƒ¬ãŒè‰¯ãé£²ã¿ã‚„ã™ã•ãŒã‚ã‚‹ã‚‚ã®ã®ã€
ã‚³ã‚¯ã‚„ã®ã©ã”ã—ã«ã¤ã„ã¦ã¯è‹¥å¹²ç‰©è¶³ã‚Šãªã•ã‚‚æ„Ÿã˜ã¾ã™",,ãƒ“ãƒ¼ãƒ«ã«éžå¸¸ã«è¿‘ã¥ã‘ãŸå•†å“ã€‚ãƒ›ãƒƒãƒ—ã®åŒ‚ã„ã£ã¦åŸºæœ¬çš„ã«ã‚ã¾ã‚Šå¥½ãã§ã¯ãªã„ã‚“ã§ã™ãŒã“ã®å•†å“ã¯è‡ªåˆ†ã«åˆã£ã¦ã„ã‚‹ã‚ˆã†ã§å‘³ã¨åŒæ™‚ã«é¦™ã‚Šã‚‚æ¥½ã—ã‚“ã§ã„ã¾ã™ã€‚ã¾ãŸã®ã©ã”ã—ãŒè‰¯ããƒ“ãƒ¼ãƒ«ã‚’é£²ã‚“ã§ã„ã‚‹ã‚ˆã†ãªæ„Ÿè¦šã§ã‚¹ãƒˆãƒ¬ã‚¹è§£æ¶ˆã§ãã‚‹ã®ãŒã„ã„ã§ã™ã­ã€‚å¾Œå‘³ã‚‚é¢¨å‘³ãŒè‰¯ããƒ“ãƒ¼ãƒ«æ„Ÿè¦šã§ã™ã€‚,,ã†ã‚ï½žã£ã‚ã£ã¡ã‚ƒãƒ“ãƒ¼ãƒ«ã£ã½ã„ï¼ï¼ã‚„ã£ã±ã‚Šéº¦100%ãªã®ãŒãã„ã¦ã¾ã™ã­ï¼ãªã‹ãªã‹ç™ºæ³¡é…’ã¯ã“ã‚“ãªã‚‚ã®ã‹ãªï½žã£ã¨ã„ã†æ„Ÿæƒ³ã®ç‰©ãŒå¤šã„ä¸­ã§ã‚¯ã‚ªãƒªãƒ†ã‚£ã®é«˜ã•ãŒç›®ã‚’å¼•ãã¾ã™ã€‚é•·æœŸç†Ÿæˆãªã®ã§ãƒ‰ãƒ©ã‚¤ã£ã½ãã¯ãªãã€ã‚­ãƒ¬ã¨ã®ã©ã”ã—ãŒæ˜Ÿï¼‘ã¤æ¸›ã§ã—ãŸã€‚ã˜ã£ãã‚Šå‘³åˆã†ã®ã«ã¯ã¨ã¦ã‚‚è‰¯ã„ã¨æ€ã„ã¾ã™ã€‚,é€€ä¼šæ¸ˆãƒ¦ãƒ¼ã‚¶ãƒ¼ã§ã™,,"æ™®é€šã®ãƒ“ãƒ¼ãƒ«ã¿ãŸã„ã§ã™ã€‚
ã‚­ãƒ¬ãŒã‚ã‚ŠèˆŒè§¦ã‚Šã‚‚ãƒ‘é€šãƒãƒ‘ãƒã—ã¦çˆ½ã‚„ã‹ãªå¾Œå‘³ã§ã™ã€‚
ã©ã‚“ãªæ–™ç†ã«ã‚‚åˆã‚ã›ã‚Œã‚‹ã¨æ€ã„ã¾ã™ã€‚
ç¼¶ã®è¦‹ãŸç›®ã‚‚ã‚´ãƒ¼ã‚¸ãƒ£ã‚¹æ„Ÿã‚ã‚Šã¾ã™ã€‚
",,éº¦100ï¼…ã®æ–°ã‚¸ãƒ£ãƒ³ãƒ«ã€‚ã ã¾ã£ã¦å‡ºã•ã‚ŒãŸã‚‰ãã£ã¨ã‚ã‹ã‚‰ãªã„ã€‚ãƒ›ãƒ³ãƒˆã€ãƒ“ãƒ¼ãƒ«ã®å‘³ã§ã™ã€‚é¦™ã‚Šã€è‹¦ã¿ã€ã‚³ã‚¯ã€ã®ã©ã”ã—ã®è‰¯ã•ã€‚ãƒªãƒ¼ã‚ºãƒŠãƒ–ãƒ«ã§æ²¢å±±é£²ã‚ã¾ã™ã€‚ãŠæ°—ã«å…¥ã‚Šã®å•†å“ã§ã™ã€‚,,"ç™ºæ³¡é…’ã§ã‚ã‚ŠãªãŒã‚‰ã‹ãªã‚Šã®ãƒ“ãƒ¼ãƒ«ã£ã½ã•ã«ãƒ“ãƒƒã‚¯ãƒªã€‚
ã—ã£ã‹ã‚Šã¨ã‚³ã‚¯ãŒã‚ã‚‹ã€ã§ã‚‚ã”ãã”ãé£²ã‚ã‚‹ãŠå‘³ã¯ã•ã™ãŒã‚µãƒƒãƒãƒ­ï¼ã¨æ€ã‚ãšè¨€ã„ãŸããªã‚‹ç¾Žå‘³ã—ã•ã§ã—ãŸã€‚",,éº¦100ï¼…ã§ã€ã‹ãªã‚Šã‚¯ã‚ªãƒªãƒ†ã‚£ãƒ¼ã®é«˜ã„å•†å“ã ã¨æ€ã„ã¾ã™ï¼é»™ã£ã¦å‡ºã•ã‚ŒãŸã‚‰é–“é•ã„ãªããƒ“ãƒ¼ãƒ«ã ã¨æ€ã†ã¨è¨€ãˆã‚‹ãã‚‰ã„ã®å‘³ã§ã™ã€‚,,æ–°ã‚¸ãƒ£ãƒ³ãƒ«ã®ä¸­ã§ã¯æœ¬æ ¼çš„ãªãƒ“ãƒ¼ãƒ«ã®å‘³ã«ã‹ãªã‚Šè¿‘ã„ã‹ã¨æ€ã„ã¾ã™ã€‚å•†å“åã©ã†ã‚Šã«éº¦ã®è¯ã‚„ã‹ãªé¦™ã‚Šã¨ãƒ›ãƒƒãƒ—ã®è‹¦å‘³ãŒã—ã£ã‹ã‚Šã¨å‘³ã‚ãˆã¾ã™ã€‚ã‚³ã‚¹ãƒˆãƒ‘ãƒ•ã‚©ãƒ¼ãƒžãƒ³ã‚¹é«˜ã„æ–°ã‚¸ãƒ£ãƒ³ãƒ«ã¨æ€ã„ã¾ã™ã€‚,,ç™ºæ³¡é…’ã®ä¸­ã§ã‚‚ã¨ã¦ã‚‚ãƒ“ãƒ¼ãƒ«ã«è¿‘ã„å‘³ã‚ã„ã§ã‚³ã‚¯ã¨ã‚­ãƒ¬ãŒã‚ã‚Šã€è‹¦å‘³ã‚‚ç¨‹ã‚ˆãå–‰è¶Šã—ã‚‚ã‚ˆã—ã€ã‚´ã‚¯ã‚´ã‚¯é£²ã‚ã¦ã—ã¾ã„ã¾ã™ã€‚éº¦100%ã§é¦™ã‚Šã‚‚ã¨ã¦ã‚‚è‰¯ã‹ã£ãŸã§ã™ã€‚å€¤æ®µã‚‚æ‰‹é ƒã§ã“ã®å‘³ã‚ã„ã¯ã¨ã¦ã‚‚å¬‰ã—ã„ã§ã™ã­ã€‚,,"ä»Šæ—¥ã¯ç–²ã‚Œã¦æ–™ç†ã‚’ã™ã‚‹æ°—ãŒã—ãªã„â€¦ã¨ã„ã†æ™‚ã«ã€ã‚¹ãƒ¼ãƒ‘ãƒ¼ã®ãŠæƒ£èœã¨è‡³ç¦ã®ã²ã¨æ™‚ã®ãŸã‚ã«ãƒ“ãƒ¼ãƒ«ã‚’è²·ã„ã¾ã—ãŸç¬‘
ã—ã£ã‹ã‚Šã¨ã‚³ã‚¯ãŒã‚ã‚ŠèŠ³é†‡ãªå‘³ã¨é¦™ã‚Šã§ã™ã€‚
ãŠæ‰‹é ƒãªã®ã«ãƒ“ãƒ¼ãƒ«ã«è² ã‘ã¦ãªã„ç¾Žå‘³ã—ã•ã ã¨æ€ã„ã¾ã™ã€‚
ã“ã‚Œã‹ã‚‰ã®æ™‚æœŸã¯ã‚µãƒ³ãƒžãªã©ç„¼ãé­šã¨ä¸€ç·’ã«é£²ã‚“ã§ã‚‚ç¾Žå‘³ã—ã„ã ã‚ã†ãªã€œã¨æƒ³åƒãŒè†¨ã‚‰ã¿ã¾ã—ãŸã€‚",é€€ä¼šæ¸ˆãƒ¦ãƒ¼ã‚¶ãƒ¼ã§ã™,,ç™ºæ³¡é…’ãªã®ã«ã—ã£ã‹ã‚Šãƒ“ãƒ¼ãƒ«ã®å‘³ã‚ã„ãŒå†ç¾ã•ã‚Œã¦ã„ã¦ã•ã™ãŒã‚µãƒƒãƒãƒ­ãƒ“ãƒ¼ãƒ«ã ãªã€œï¼ã¨æ€ã„ã¾ã—ãŸï¼éº¦100%ã¨ã„ã†ã ã‘ã‚ã£ã¦éº¦èŠ½ã®èŠ³é†‡ãªã‚³ã‚¯ã¨é¦™ã‚ŠãŒæ„Ÿã˜ã‚‰ã‚Œã€ç¨‹ã‚ˆã„è‹¦å‘³ã‚‚ã‚ã£ã¦è‰²ã€…ãªæ–™ç†ã¨ã®ç›¸æ€§ã‚‚ã‚ˆã„ã§ã™ã€‚ãŠå€¤æ‰“ã¡ä¾¡æ ¼ã§ç¾Žå‘³ã—ã„ãƒ“ãƒ¼ãƒ«ãƒ†ã‚¤ã‚¹ãƒˆãŒæ¥½ã—ã‚ã‚‹ãªã‚“ã¦ã™ã”ãå¾—ã—ãŸæ°—åˆ†ã«ãªã‚Šã¾ã™ã€‚ã¾ãŸè²·ãŠã†ã¨æ€ã„ã¾ã™ã€‚,,"ã¨ã¦ã‚‚é£²ã¿ã‚„ã™ãã¦ç¾Žå‘³ã—ã‹ã£ãŸã§ã™ã€‚
ã®ã©ã”ã—ã‚‚ã‚ã¨å‘³ã‚‚ã‚¹ãƒƒã‚­ãƒªã§ã€çŒ›æš‘ã®ç¶šãæ—¥ã€…ã®å…ƒæ°—ã®ã¿ãªã‚‚ã¨ã«ãªã‚Šã¾ã™ã€‚é»„é‡‘ã«è¼ãç¼¶ã‚‚ç´ æ•µã§ã™ã€‚",,ã•ã™ãŒï¼ã‚µãƒƒãƒãƒ­ãƒ“ãƒ¼ãƒ«ã®æ–°ã‚¸ãƒ£ãƒ³ãƒ«ã¨æ€ã„ã¾ã—ãŸã€‚ä»Šã¯ã©ã®ãƒ¡ãƒ¼ã‚«ãƒ¼ã‚‚ãƒ“ãƒ¼ãƒ«ã«ã¨ã¦ã‚‚è¿‘ã„ã§ã™ãŒã€ã“ã‚Œã¯é»’ãƒ©ãƒ™ãƒ«ã‚’æ€ã„å‡ºã™æ„Ÿã˜ãŒã—ã¾ã—ãŸã€‚ç¾Žå‘³ã—ã„ï¼,,ãªãœã‹ä»Šã¾ã§è³¼å…¥ã—ãŸã“ã¨ãŒãªãåˆè³¼å…¥ã€‚è‹¦å‘³ã‚‚ç¨‹ã‚ˆãã€€å‘³ã‚ã„ãŒã‹ãªã‚Šãƒ“ãƒ¼ãƒ«ã£ã½ã„ã¨æ€ã„ã¾ã—ãŸã€‚ä»Šå¹´ã¯ã“ã‚Œã‚’ãƒ¡ã‚¤ãƒ³ã«ã—ã‚ˆã†ã¨æ€ã„ã¾ã—ãŸã€‚,,å¤•ã”ã¯ã‚“ãŒã‚¸ãƒ³ã‚®ã‚¹ã‚«ãƒ³ã ã£ãŸã®ã§ã€åŒ—æµ·é“ã®ã‚¤ãƒ¡ãƒ¼ã‚¸ã§éº¦ã¨ãƒ›ãƒƒãƒ—ã‚’é¸ã³ã¾ã—ãŸã€‚ç¬¬ï¼“ã®ãƒ“ãƒ¼ãƒ«ã«ã—ã¦ã¯ã€ã—ã£ã‹ã‚Šã¨ã—ãŸè‹¦å‘³ã¨æ—¨å‘³ãŒã‚ã£ã¦ã€ãƒ©ãƒ è‚‰ã®é¦™ã‚Šã‚„å‘³ã®å¼·ã•ã«è² ã‘ãªã„é£²ã¿ã”ãŸãˆãŒã‚ã‚Šã¾ã™ã€‚,,ãƒªãƒ‹ãƒ¥ãƒ¼ã‚¢ãƒ«ã™ã‚‹å‰ã‚‚é£²ã‚“ã§ã„ãŸã®ã§ã™ãŒã€æ–°ã—ããªã£ãŸä»Šå›žã®éº¦ã¨ãƒ›ãƒƒãƒ—ã¯ã€ã‚ˆã‚Šãƒ“ãƒ¼ãƒ«ã®å‘³ã‚ã„ãŒå‡ºã¦ã„ã¾ã—ãŸã€‚é£²ã¿åˆã‚ã¯ãƒ›ãƒƒãƒ—ã®é¦™ã‚Šã¨è‹¦å‘³ã‚’æ„Ÿã˜ã€ã¾ã•ã«ãƒ“ãƒ¼ãƒ«ã‚’é£²ã‚“ã§ã„ã‚‹æ°—åˆ†ã«ã•ã›ã¦ãã‚Œã¾ã—ãŸã€‚é£²ã‚“ã§ã„ã‚‹æœ€ä¸­ã‚‚å‘³ã‚ã„ã‚’æ„Ÿã˜ã‚‰ã‚Œã¦ä»¥å‰ã‚ˆã‚Šç¾Žå‘³ã—ã„ã¨æ€ã„ã¾ã—ãŸâ™ª,,ç¬¬ä¸‰ã®ãƒ“ãƒ¼ãƒ«ã®ä¸­ã§ã¯ã€æœ€ã‚‚ãƒ“ãƒ¼ãƒ«ã®å‘³ã«è¿‘ã„ãƒ“ãƒ¼ãƒ«ã ã¨æ€ã„ã¾ã™ã€‚ãƒ›ãƒƒãƒ—ã®é¦™ã‚Šã‚„ã‚³ã‚¯ã¯è»½ã‚ã§ã™ãŒã€é›‘å‘³ã‚„ä¸è‡ªç„¶ãªç”˜ã•ãŒãªãã€ã‚­ãƒªãƒƒã¨ã—ãŸå–‰è¶Šã—ã§ãƒ“ãƒ¼ãƒ«ã®ã‚ˆã†ãªè‹¦ã¿ã‚‚æ¥½ã—ã‚ã¾ã™ã€‚æ™®æ®µã¯ã‚­ãƒªãƒ³ã¨ã‚¢ã‚µãƒ’æ´¾ã§ã—ãŸãŒã€ä»Šå¾Œã¯æœ¬å“ã‚‚å€™è£œã«åŠ ãˆãŸã„ã¨æ€ã„ã¾ã™ï¼,,ãƒ“ãƒ¼ãƒ«ã§ã¯ãªã„ã®ã§è»½ã‚ã§ã™ãŒåˆ‡ã‚ŒãŒã‚ã‚Šã€è‹¦ã¿ã‚‚åˆ©ã„ã¦ã„ã¦ç¾Žå‘³ã—ã„ã§ã™ã€‚æ‰‹è»½ã«é£²ã‚ã‚‹ã“ã¨ãŒé­…åŠ›ã ã¨æ„Ÿã˜ã¾ã™ã€‚è‡ªå®…ã§æ™®æ®µã®æ™©é…Œã«ä½¿ã£ã¦ã„ã¾ã™ã€‚,,é©åº¦ãªè‹¦å‘³ãŒã‚ã‚‹ã®ã§é£Ÿäº‹ã«ã‚ˆãåˆã†ã€‚ä»¥å‰ã«æ¯”ã¹ã¦å°‘ã—å„ªã—ã„å‘³ã‚ã„ã«ãªã£ãŸã‚ˆã†ãªæ°—ãŒã™ã‚‹ã€‚ãŸã ã€ã»ã‹ã®ãƒ“ãƒ¼ãƒ«ã¨æ¯”ã¹ã‚‹ã¨ã‚„ã¯ã‚Šãƒ›ãƒƒãƒ—ã®è‹¦å‘³ãŒãµã‚“ã ã‚“ã«æ„Ÿã˜ã‚‹ã“ã¨ãŒå‡ºæ¥ã‚‹ã®ã§ã€è‹¦å‘³ãŒè‹¦æ‰‹ãªäººã«ã¯ãŠå‹§ã‚ã§ããªã„ã€‚,,æ–°ã‚¸ãƒ£ãƒ³ãƒ«ãƒ“ãƒ¼ãƒ«ã‚’ã°ã‹ã«ã—ã¦ã„ã¾ã—ãŸãŒã€æœ€è¿‘ã®ã‚‚ã®ã¯ã©ã‚“ã©ã‚“ãŠã„ã—ããªã£ã¦ã„ã¾ã—ãŸã€‚ãƒ“ãƒ¼ãƒ«ã«è¿‘ã„ã¨ã„ã†ã‹ã€ã“ã‚“ãªãƒ“ãƒ¼ãƒ«ãŒã‚ã£ã¦ã‚‚ã‚ˆã„ã‹ãªã¨æ€ã†ãƒ¬ãƒ™ãƒ«ã§ã™ã€‚ã©ã‚“ã©ã‚“é£²ã‚ã‚‹ä¾¡æ ¼ã®ã‚‚ã®ãŒãŠã„ã—ããªã‚‹ãªã‚“ã¦ç½ªã§ã™ã‚ã€‚,,è‹¦å‘³ã¨è¨€ã†ã‹æ·±ã¿ãŒåŒã‚«ãƒ†ã‚´ãƒªãƒ¼ã®ãƒ“ãƒ¼ãƒ«ç³»ã®é£²æ–™ã®ä¸­ã§ã¯ä¸€ç•ªãƒ“ãƒ¼ãƒ«ã«è¿‘ã„å‘³ã ã¨æ€ã†ã€‚ã‚´ã‚¯ã‚´ã‚¯å–‰è¶Šã—ã‚’æ¥½ã—ã¿ãŸã„äººã«ã¯å°‘ã€…ã‚¯ã‚»ãŒã‚ã‚‹ãŒã€å‘³ã‚ã„ãŸã„æ–¹ã«ã¯ãŠã™ã™ã‚ã—ã¾ã™ã€‚,,"ã“ã®ç™ºæ³¡é…’ã¯ä¹…ã€…ã«ãƒ“ãƒ¼ãƒ«ã«è¿‘ã„ãƒ›ãƒƒãƒ—ã®è‹¦ã¿ã‚’ä¸€ç•ªã«æ„Ÿã˜ã¾ã—ãŸã€‚
è¾›å£ã§ã™ãŒã‚¹ãƒ¼ãƒ‘ãƒ¼ãƒ‰ãƒ©ã‚¤ã®çˆ½å¿«æ„Ÿã¾ã§ã¯ã¾ã ä¸€æ­©åŠã³ã¾ã›ã‚“ãŒã€ãƒ“ãƒ¼ãƒ«ã¨ã—ã¦å‡ºã•ã‚Œã¦ã‚‚ãŠã‹ã—ããªã„ãƒ¬ãƒ™ãƒ«ã«è¿‘ã¥ã„ã¦ã„ã¾ã™ã€‚
ã‚¨ã‚°ã¿ãŒãªã„ã®ã§éº¦æœ¬æ¥ã®é£²ã¿å£ãŒå‘³ã‚ãˆã€ãƒªãƒ”ãƒ¼ãƒˆãƒªã‚¹ãƒˆã«åŠ ãˆãŸã„ãŠã„ã—ã•ã®å•†å“ã§ã™ã€‚",,æ–°ã‚¸ãƒ£ãƒ³ãƒ«ã®ç™ºæ³¡é…’ãªã®ã§ã™ãŒã€éº¦ã¨ãƒ›ãƒƒãƒ—ã«ã“ã ã‚ã£ã¦ä½œã‚‰ã‚Œã¦ãŠã‚Šã€æ–°ã‚¸ãƒ£ãƒ³ãƒ«ã®ç™ºæ³¡é…’ã§ã‚ã‚ŠãªãŒã‚‰ã€ãƒ“ãƒ¼ãƒ«ã®ä¼çµ±çš„ãªä»•è¾¼ã¿æ–¹æ³•ã‚’æŽ¡ç”¨ã—ã¦ã„ãŸã‚Šã¨ã€ãƒ“ãƒ¼ãƒ«ã®å‘³ã«è¿‘ã¥ã‘ã‚ˆã†ã¨ã—ã¦ã„ã‚‹ä¼æ¥­åŠªåŠ›ã‚’æ„Ÿã˜ã¾ã™ã€‚ã‚³ã‚¯ã‚‚ã‚­ãƒ¬ã‚‚ãªã‹ãªã‹ã‚ã‚Šã€ã®ã©ã”ã—ãŒã„ã„ã®ã§ã¨ã¦ã‚‚é£²ã¿ã‚„ã™ã„ã®ã§ã€é£Ÿäº‹æ™‚ã«ã‚‚åˆã„ã¾ã™ã€‚,,ã‚­ãƒ¬ã‚„ã‚³ã‚¯ãŒã‚ã‚Šã€ãƒ“ãƒ¼ãƒ«ã«è¿‘ã„å‘³ã ã¨è©•ä¾¡ã—ã¦ã„ã¾ã™ã€‚ç¬¬ä¸‰ã®ãƒ“ãƒ¼ãƒ«ã‚‚ã‚¯ã‚ªãƒªãƒ†ã‚£ãŒã©ã‚“ã©ã‚“é«˜ããªã£ã¦ãŠã‚Šã€ç‰¹ã«æ°—ã«å…¥ã£ã¦é£²ã‚“ã§ã„ã‚‹ã®ãŒéº¦ã¨ãƒ›ãƒƒãƒ—ã§ã™ã€‚ä½•åº¦é£²ã‚“ã§ã‚‚é£½ããªã„ãŸã‚ã€ãƒªãƒ”ãƒ¼ãƒˆã—ç¶šã‘ã¦ã„ã¾ã™ã€‚,,ãƒ‘ãƒƒã‚±ãƒ¼ã‚¸ã‚’è¦‹ãŸæ„Ÿã˜ãŠæ´’è½ãªæ„Ÿã˜ã§ãƒ“ãƒ¼ãƒ«ã®ã‚ˆã†ãªæ„Ÿã˜ãŒé†¸ã—å‡ºã—ã¦ã„ã¾ã™ã€‚ã‚ˆã‚Šãƒ“ãƒ¼ãƒ«ã«è¿‘ã„å‘³ã«è¿‘ã¥ã„ãŸæ„Ÿã˜ã§ã™ã€‚ã‚³ã‚¯ã¨ã‚­ãƒ¬ã®ã©è¶Šã—ã‚‚çˆ½ã‚„ã‹ãªæ„Ÿã˜ã§ã‚´ã‚¯ã‚´ã‚¯é£²ã‚ã¦ç¾Žå‘³ã—ã‹ã£ãŸã§ã™ã€‚ã‚³ã‚¹ãƒ‘ã‚‚æœ€é«˜ã§æ‡ã«ã‚‚å„ªã—ã„ã§ã™ã€‚,,æ–°ã‚¸ãƒ£ãƒ³ãƒ«ã®ä¸­ã§ã¯éº¦ã¨ãƒ›ãƒƒãƒ—ãŒã‚¯ã‚»ãŒãªãã¦ä¸€ç•ªãƒ“ãƒ¼ãƒ«ã«è¿‘ã„å‘³ã‚’ã ã›ã¦ã„ã‚‹ãªâ€¦ã¨å‰ã‹ã‚‰æ°—ã«å…¥ã£ã¦ã„ã¾ã—ãŸãŒã€ã“ã®åº¦ãƒªãƒ¥ãƒ¼ã‚¢ãƒ«ã•ã‚ŒãŸã®ã§æ”¹ã‚ã¦é£²ã‚“ã§ã¿ã¾ã—ãŸã€‚ãƒ“ãƒ¼ãƒ«ã®ã‚ˆã†ãªè‹¦ã¿ã‚„å‘³ã‚ã„ã¯ãã®ã¾ã¾ã«ã€å¼·ã‚ã®ç‚­é…¸ã§å–‰è¶Šã—ãŒè‰¯ããªã£ãŸã‚ˆã†ã«æ„Ÿã˜ã¦ã€é£²ã¿ã”ãŸãˆãŒã‚ã‚Šã¾ã—ãŸã€‚,,æœ€è¿‘ãƒªãƒ‹ãƒ¥ãƒ¼ã‚¢ãƒ«ã•ã‚ŒãŸéº¦ã¨ãƒ›ãƒƒãƒ—ã‚‰ã—ã„ã®ã§ã™ãŒã€æ˜Žã‚‰ã‹ã«ç¾Žå‘³ã—ããªã£ã¦ã¾ã™ã€‚ã‚³ã‚¯ã‚„ãƒ“ãƒ¼ãƒ«ã‚‰ã—ã„é¦™ã‚Šã‚‚ã¡ã‚ƒã‚“ã¨ã™ã‚‹ã—å¤‰ãªç™–ã‚‚ãªãã¨ã¦ã‚‚é£²ã¿ã‚„ã™ã„ã§ã™ã€‚ã‚µãƒƒãƒãƒ­ãƒ“ãƒ¼ãƒ«ã®å‘³ã®é›°å›²æ°—ãŒæ„Ÿã˜ã‚‰ã‚Œã‚‹å•†å“ã§é»’ãƒ©ãƒ™ãƒ«ãŒå¥½ããªã²ã¨ã«ã¯ãŠè–¦ã‚ã§ã™ã­ã€‚,,"æ–°ã‚¸ãƒ£ãƒ³ãƒ«ã®ãƒ“ãƒ¼ãƒ«ã®ä¸­ã§ã¯ã€ã‚µãƒ©ã‚µãƒ©ã¨ã—ã¦ã„ã‚‹æ°—ãŒã—ã¾ã™ã€‚ãã®åˆ†ã‚³ã‚¯ã¯å¼·ããªã„ã§ã™ãŒã€ã®ã©ã”ã—ãŒã™ã”ãè‰¯ã„ã§ã™ã€‚é¦™ã‚Šã‚‚å¼·ãã¯ãªã„ã§ã™ãŒã€éº¦ã®é¦™ã‚ŠãŒã—ã£ã‹ã‚Šã¨ã—ã¾ã™ã€‚ãƒ“ãƒ¼ãƒ«ã«è¿‘ã„é¦™ã‚Šã ã¨æ€ã„ã¾ã™ã€‚
ã©ã‚“ãªãŠã¤ã¾ã¿ã¨ä¸€ç·’ã«é£²ã‚“ã§ã‚‚é‚ªé­”ã‚’ã—ãªã„ãŸã‚ã€ã¨ã¦ã‚‚é£²ã¿ã‚„ã™ã„ã§ã™ã€‚",,ã»ã©ã‚ˆã„ã‚­ãƒ¬ã§é£²ã¿ã‚„ã™ã„ã€‚ã‚¢ãƒ«ã‚³ãƒ¼ãƒ«ã‚‚å¼·ããªã‘ã‚Œã°ã‚¯ã‚»ã‚‚å¼·ããªã„ã®ã§ã€é£Ÿäº‹ã«ã‚‚ã‚ˆãåˆã†ï¼ˆã‚‚ã¡ã‚ã‚“ä½•ã‚’é£Ÿã¹ã‚‹ã‹ã«ã‚‚ã‚ˆã‚‹ã‘ã‚Œã©ã‚‚ã€ç§ãŒé£Ÿã¹ãŸã®ã¯ç‚’é£¯ï¼‰ã€‚ãƒ“ãƒ¼ãƒ«ç³»é£²æ–™ã¯ãŠè…¹ã°ã‹ã‚Šè†¨ã‚Œã¦å‘³ã‚’æ„Ÿã˜ã‚‰ã‚Œãªã„ã¨ã„ã†è¨€è‘‰ã‚’ã‚ˆãèžãã‘ã‚Œã©ã€ã“ã®å•†å“ã«é–¢ã—ã¦ã¯ãã‚“ãªã“ã¨ã¯ãªãã€é£Ÿäº‹ã‚’é‚ªé­”ã—ãªã„ã—ã€ã‹ã¨ã„ã£ã¦å•†å“ã®å‘³ãŒã—ãªã„ã¨ã„ã†ã‚ã‘ã§ã‚‚ãªã„ã€‚ã‚€ã—ã‚é£Ÿäº‹ã®è‰¯ã•ã‚’å¼•ãå‡ºã™æœ€è‰¯ã®å‹ã¨ã‚‚ã„ãˆã‚‹ã‹ã‚‚ã—ã‚Œãªã„ã€‚,,ç¬¬ä¸‰ã®ãƒ“ãƒ¼ãƒ«ã§ã‚‚éº¦ã¨ãƒ›ãƒƒãƒ—ã¯æ™®æ®µè²·ã‚ãªã„ã§ã™ãŒã€ãƒ‘ãƒƒã‚±ãƒ¼ã‚¸ãŒå¤‰ã‚ã£ãŸã®ã§è²·ã£ã¦ã¿ã¾ã—ãŸã€‚ã‚³ã‚¯ãŒã‹ãªã‚Šå¼·ã‚ã§è‹¦å‘³ã‚‚ã‚ã£ã¦ç¾Žå‘³ã—ã„ã§ã™ã€‚ã‚­ãƒ¬ã¯ãã“ã¾ã§å¼·ããªã„ã§ã™ãŒã€å‘³ã‚ã„ãŒã‚ã‚‹ã®ã§è½ã¡ç€ã„ã¦é£²ã‚ã‚‹å°è±¡ã§ã™ã€‚,,å£å½“ãŸã‚Šã¯ã¾ã‚ã‚„ã‹ã§ã‚­ãƒ¬ãŒã‚ã‚‹ãƒ“ãƒ¼ãƒ«ã§ã¯ãªã„ã§ã™ã€‚é¼»ã‹ã‚‰éº¦ã®è‰¯ã„é¦™ã°ã—ã•ãŒæŠœã‘ã¾ã™ã€‚ãƒ“ãƒ¼ãƒ«è‡ªä½“ã®å‘³ã¯ç¾Žå‘³ã—ãã¦é£²ã¿è¾¼ã‚“ã ã‚‰å¾Œå‘³ãŒã¯ã£ãã‚Šã—ã¦ã„ã¾ã™ã€‚,,ã®ã©ã”ã—ãŒã‚ˆãå¾Œå‘³ãŒã•ã£ã±ã‚Šã™ã‚‹ãƒ“ãƒ¼ãƒ«ã§ã™ã€‚éº¦ã®é¢¨å‘³ã‚‚ã‚ã‚Šã€ã‚³ã‚¯ã‚‚æ„Ÿã˜ã‚‰ã‚Œã¦ç¾Žå‘³ã—ã„ã¨æ€ã„ã¾ã™ã€‚é£Ÿäº‹ã«ã‚‚åˆã†ã®ã§å†·è”µåº«ã«ã‚¹ãƒˆãƒƒã‚¯ã—ã¦ã„ã¾ã™ã€‚,é€€ä¼šæ¸ˆãƒ¦ãƒ¼ã‚¶ãƒ¼ã§ã™,,ã€Œã¡ã‚‡ã£ã¨ä»Šæœˆãƒ”ãƒ³ãƒã ã‚â€¦ã€ã¨ã„ã†æ™‚ã®é ¼ã¿ã®ç¶±ã§ã™ï¼ˆç¬‘ï¼‰sapporoã•ã‚“ã®ãŠé…’ã¯å…¨ä½“çš„ã«å‘³ãŒè»½ãã€å¥³æ€§ã§ã‚‚é£²ã¿ã‚„ã™ã„ã¨æ€ã„ã¾ã™ã€‚éº¦ã®é¢¨å‘³ãŒæ„Ÿã˜ã‚‰ã‚Œã¦ã€é£Ÿäº‹ã«ã‚‚ã‚ˆãåˆã„ã¾ã™ã€‚,,ãƒªãƒ‹ãƒ¥ãƒ¼ã‚¢ãƒ«ã•ã‚ŒãŸã¨èžãè³¼å…¥ã‚’ã—ã¾ã—ãŸã€‚éº¦ã®å‘³ãŒã—ã£ã‹ã‚Šã¨æ„Ÿã˜ã‚‰ã‚Œã¦ã€é£²ã¿ã”ãŸãˆãŒã‚ã‚Šã¾ã™ã€‚ã®ã©ã”ã—ãŒã‚ˆãã€å¾Œå‘³ã¯ã™ã£ãã‚Šã—ã¦ã„ã¦é£²ã¿ã‚„ã™ãã¦ãŠã„ã—ã„ã§ã™ã€‚,,ãƒ“ãƒ¼ãƒ«ã®ä»£ã‚ã‚Šã«é£²ã‚“ã§ã‚‚ãã‚Œã»ã©é•å’Œæ„Ÿã¯ãªã„ã¨æ€ã„ã¾ã™ã€‚å…¨ä½“ã¨ã—ã¦å¹³å‡ç‚¹ä»¥ä¸Šã ã¨æ€ã„ã¾ã™ã€‚ã“ã®ã‚¸ãƒ£ãƒ³ãƒ«æ¬¡ã€…ã¨æ–°å•†å“ãŒå‡ºã‚‹ã®ã§ã€ãã¡ã‚‰ã‚’è²·ã†ã“ã¨ãŒã‚ã‚Šã¾ã™ãŒã€ç§ã®ä¸­ã§ã¯éº¦ã¨ãƒ›ãƒƒãƒ—ã¯å®šç•ªã®ã²ã¨ã¤ã§ã™ã€‚,,ç¬¬ä¸‰ã®ãƒ“ãƒ¼ãƒ«ã¨ã¯æ€ãˆãªã„ãã‚‰ã„æœ€åˆã®å‘³ã‚ã„ã¯ãƒ“ãƒ¼ãƒ«ã®ã‚ˆã†ã§ãŠã„ã—ã„ã§ã™ã€‚å–‰è¶Šã—ã‚„ã‚­ãƒ¬ã¯ã‚„ã¯ã‚Šãƒ“ãƒ¼ãƒ«ã§ã¯ãªã„ã®ã§å…¨ãåŒã˜ã¨ã¯è¨€ãˆã¾ã›ã‚“ãŒãƒ“ãƒ¼ãƒ«ã®ã‚ˆã†ã§é¦™ã‚Šã‚‚ã‚ˆãå‘³ã‚‚ç¾Žå‘³ã—ã„ã§ã™ã€‚å®¶ã§é£²ã‚€ã«ã¯ç¾Žå‘³ã—ãã¦æœ€é©ã ãªã¨æ€ã„ã¾ã™ã€‚,,ç¬¬3ã®ãƒ“ãƒ¼ãƒ«ãŒå‡ºãŸã¦ã®ã“ã‚ã‹ã‚‰ã‚ˆãé£²ã‚“ã§ã„ã‚‹ã“ã®å•†å“ã€‚éžå¸¸ã«é£²ã¿ã‚„ã™ãã€ã™ã‚‹ã™ã‚‹å…¥ã£ã¦ã„ãæ„Ÿè¦šãŒã‚ã‚Šã¾ã™ã€‚ãƒ“ãƒ¼ãƒ«ã¨ã€ã“ã®æ‰‹ã®ãƒ“ãƒ¼ãƒ«ãƒ©ã‚¤ã‚¯ãªå•†å“ã®æœ€å¤§ã®é•ã„ã¯é£²ã‚“ã å¾Œã®å¾Œå‘³ã§ã™ãŒã€ã“ã®å•†å“ã¯ãã®å¾Œå‘³ã¯ä»–ã®å•†å“ã¨æ¯”ã¹ã‚‹ã¨é•å’Œæ„Ÿã¯å°‘ãªã„ã§ã™ã€‚æš‘ã„æ—¥ã«æ‰‹è»½ãªå€¤æ®µã§ãŠé…’ãŒé£²ã‚ã‚‹å¹¸ã›ã‚’ã‹ã¿ã—ã‚ã¦ä»Šå¾Œã‚‚é£²ã‚“ã§ã„ãã“ã¨ã§ã—ã‚‡ã†ã€‚,,ãƒ“ãƒ¼ãƒ«ã‚’é£²ã¿ãŸã„ã‘ã©ã€é«˜ã„ã®ã§ç¬¬3ã®ãƒ“ãƒ¼ãƒ«ã‚’é¸ã³ã¾ã™ãŒã€éº¦ã®å‘³ãŒã—ã£ã‹ã‚Šã‚ã£ã¦ã€ã‚³ã‚¯ã‚‚æ„Ÿã˜ã‚‰ã‚Œæ³¨ã„ã æ™‚ã®é¦™ã‚Šã‚‚è‰¯ã„ã§ã™ã€‚æ³¡ã‚‚ç¾Žå‘³ã—ãã¦ã¾ãŸè²·ã„ãŸããªã‚Šã¾ã™ã€‚æ—¨å‘³ã®ä¸­ã®è‹¦å‘³ãŒã„ã„ã§ã™ã€‚,,ãƒ†ãƒ¬ãƒ“ã‚’è¦‹ã¦ã„ã¦ã€ã•ã‚‰ã«ãƒ“ãƒ¼ãƒ«ã«è¿‘ããªã£ãŸã¨ã„ã†ãƒ•ãƒ¬ãƒ¼ã‚ºã‚’èžã„ã¦ã€ï¼“å¹´ã¶ã‚Šä½ã«éº¦ã¨ãƒ›ãƒƒãƒ—ã‚’è³¼å…¥ã—ã¾ã—ãŸã€‚ç¢ºã‹ã«éº¦ã®é¦™ã‚ŠãŒè‰¯ãã€ã‚³ã‚¯ã‚‚ã‚ã£ã¦ãƒ“ãƒ¼ãƒ«ã«è¿‘ã„é¢¨å‘³ã‚’æ„Ÿã˜ã¾ã™ã€‚ãƒ‡ã‚¶ã‚¤ãƒ³ã‚‚ä»¥å‰ã‚ˆã‚Šè¦‹æ „ãˆãŒè‰¯ããªã£ãŸãªã¨æ„Ÿã˜ã¾ã—ãŸã€‚ã‚ã¨ã¯ã‚­ãƒ¬ãŒã‚‚ã†å°‘ã—ã‚ã‚Œã°ã€è¨€ã†äº‹ãªã—ã§ã™ã€‚,,CMã§ç¾Žå‘³ã—ãã†ã«é£²ã‚“ã§ã„ã‚‹ã®ã‚’è¦‹ã¦è³¼å…¥ã—ã¾ã—ãŸã€‚ç¬¬ï¼“ã®ãƒ“ãƒ¼ãƒ«ã§ã™ãŒéº¦ã®é¦™ã‚Šã‚‚ã‚ˆãã€ã‚°ãƒ©ã‚¹ã«æ³¨ã„ã ã¨ãã®æ³¡ã‚‚ç´°ã‹ãã€å–‰ã”ã—ã®ã‚ˆã„ãƒ“ãƒ¼ãƒ«ã§ã™ã€‚,,éº¦ã®å‘³ãŒæ¿ƒåŽšã§ã€ãƒ“ãƒ¼ãƒ«ã¨è¨€ã‚ã‚Œã¦ã‚‚å…¨ãã‚ã‹ã‚‰ãªã„é£²ã¿æ‰‹å¿œãˆãŒã‚ã‚‹ã®ã§ã‚³ã‚¹ãƒ‘ãŒé«˜ã„ç¬¬3ã®ãƒ“ãƒ¼ãƒ«ã§ã™ã­ã€‚ã‚­ãƒ¬ã¨åˆºæ¿€ã‚‚ã‚ã‚Šå¾Œå‘³ã‚‚ã„ã„ã§ã™ã€‚,,"ã•ã‚‰ã‚Šã¨é£²ã‚ã‚‹æ„Ÿã˜ã§ã™ã€‚
ãªã®ã§ï½ºï½¸ãŒã‚ã‚‹ã¨ã„ã†ã‚ˆã‚Šã‚‚ã‚µãƒ©ã‚µãƒ©ã„ã‘ã‚‹ã®ã§ã©ã‚“ãªé£Ÿäº‹ã«ã‚‚ã‚ã†ã—ã€ã‚ã£ã¨ã„ã†é–“ã«é£²ã‚“ã§ã—ã¾ã„ã¾ã™ã€‚
ã‹ã‚‰ãƒ¼ã„ã‚«ãƒ¬ãƒ¼ã¨ã‚‚ã‚ˆãã‚ã„ã¾ã—ãŸã€‚
ç¾Žå‘³ã—ã‹ã£ãŸã§ã™ã€‚",,"ã„ã¤ã‚‚ã‚µãƒƒãƒãƒ­é»’ãƒ©ãƒ™ãƒ«ã‚’é£²ã‚“ã§ã„ã¦ã€ï¼£ï¼­ã‚’è¦‹ã¦è©¦ã—ã«åŒãƒ¡ãƒ¼ã‚«ãƒ¼ã®ç™ºæ³¡é…’ã‚’é£²ã‚“ã§ã¿ã‚‹ã“ã¨ã«ã—ã¾ã—ãŸã€‚
ä¸€å£ç›®ã€ã‹ãªã‚Šãƒ“ãƒ¼ãƒ«ã«è¿‘ã„ç¾Žå‘³ã—ã•ã§é©šãã¾ã—ãŸã€‚
äºŒå£ç›®ã€ä¸‰å£ç›®ã¨é£²ã¿ã™ã™ã‚ã‚‹ã¨ã‚„ã¯ã‚Šãƒ“ãƒ¼ãƒ«ã¨æ¯”ã¹ã¦ç‰©è¶³ã‚Šãªã•ã‚’æ„Ÿã˜ã¦ãã¾ã™ãŒã€ç™ºæ³¡é…’ã‚‚ã“ã“ã¾ã§ç¾Žå‘³ã—ããªã£ãŸã®ã‹ã¨æ„Ÿå‹•ã—ã¾ã—ãŸã€‚",,"è¿‘æ‰€ã®ã‚¹ãƒ¼ãƒ‘ãƒ¼ã§æœ€å®‰å€¤ã ã£ãŸã®ã§ã€ä¹…ã—ã¶ã‚Šã«è³¼å…¥ã—ã¦ã¿ã¾ã—ãŸã€‚ã‚³ã‚¯ãŒã‚ã£ã¦ã€ç¾Žå‘³ã—ã‹ã£ãŸã§ã™ï¼ã¡ã‚‡ã£ã¨ã³ã£ãã‚Š(* >Ï‰<)
ç™ºæ³¡é…’ã¯ã©ã†ã—ã¦ã‚‚ãƒ“ãƒ¼ãƒ«ã¨æ¯”ã¹ã‚‹ã¨ã•ã‚‰ã£ã¨ã—ã¦ã„ã¦ã‚³ã‚¯ãŒãªã„å°è±¡ã§ã™ãŒã€ã“ã‚Œã¯ç™ºæ³¡é…’ã®ä¸­ã§ã¯ã‹ãªã‚Šã„ã„ç·šã„ã£ã¦ã‚‹ã¨æ€ã„ã¾ã™ï¼
ä¾¡æ ¼ã‚‚å®‰ãã€ã‚ªã‚¹ã‚¹ãƒ¡ã§ã™ï¼",,"ãƒªãƒ‹ãƒ¥ãƒ¼ã‚¢ãƒ«ã•ã‚ŒãŸéº¦ã¨ãƒ›ãƒƒãƒ—ã€‚
ä»¥å‰ã‚ˆã‚Šã€æ–­ç„¶ã‚³ã‚¯ãŒã‚ã‚Šã€ãƒ“ãƒ¼ãƒ«ã‚‰ã—ã•ãŒã‹ãªã‚Šå¢—ã—ã¦ã„ã¾ã™ï¼
ã“ã‚Œã¯ã™ã”ã„ï¼
æœ¬æ ¼ä»•è¾¼ã€é•·æœŸç†Ÿæˆã«ç´å¾—ã®é€¸å“ã§ã™ã­ã€‚
å–‰ã”ã—ã‚‚ã‚ˆãã€é£Ÿäº‹ã«ã‚‚åˆã‚ã›ã‚„ã™ã‹ã£ãŸã§ã™ã€‚",,ãƒªã‚­ãƒ¥ãƒ¼ãƒ«ã«åˆ†é¡žã•ã‚Œã‚‹ãŠé…’ã«ã¯æœ¬å®¶ã®ãƒ“ãƒ¼ãƒ«ã«æ¯”ã¹ã‚‹ã¨ã¨å‘³ã‚ã„ã§æ˜Žç¢ºã«åŠ£ã‚‹å•†å“ã‚‚ã‚ã‚Šã¾ã™ãŒã€ã—ã‹ã—ã“ã®éº¦ã¨ãƒ›ãƒƒãƒ—ã¯å¤å ´ã«ã‚´ã‚¯ã‚´ã‚¯ã¨é£²ã‚€åˆ†ã«ã¯å…¨ãéœè‰²ãªãå‘³ã‚ãˆã‚‹ã¨æ€ã„ã¾ã™ã€‚ç¼¶ã®ãƒ‡ã‚¶ã‚¤ãƒ³ã‚‚é«˜ç´šæ„ŸãŒã‚ã£ã¦è‰¯ã„ã¨æ€ã„ã¾ã™ã€‚,,ç¬¬ä¸‰ã®ãƒ“ãƒ¼ãƒ«ã¯æ‰‹é ƒã§ã‚ˆãè³¼å…¥ã—ã¾ã™ã€‚éº¦ã¨ãƒ›ãƒƒãƒ—ã¯æ•°å¹´ã¶ã‚Šã«è³¼å…¥ã—ã¾ã—ãŸã€‚ã¾ãšã‚°ãƒ©ã‚¹ã«æ³¨ã„ã æ™‚ã®æ³¡ç«‹ã¡ãŒä»–ã®ã‚‚ã®ã«æ¯”ã¹ã¦æ–­ç„¶ã‚ˆã‹ã£ãŸã§ã™ã€‚ä¸€å£ç›®ã®å–‰è¶Šã—ãŒã‚¯ãƒªãƒ¼ãƒŸãƒ¼ã§ã¨ã¦ã‚‚ç¾Žå‘³ã—ã‹ã£ãŸã§ã™ã€‚éº¦ã®æ—¨ã¿ãŒå¼·ãã¦ã‚³ã‚¯ãŒã—ã£ã‹ã‚Šã¨æ„Ÿã˜ã‚‰ã‚Œã¦ã€ã»ã¼ãƒ“ãƒ¼ãƒ«ã¨å¤‰ã‚ã‚‰ãªã„å‘³ã ãªã¨æ€ã„ã¾ã—ãŸã€‚ã‚¢ãƒ«ã‚³ãƒ¼ãƒ«5ï¼…ãŒã¡ã‚‡ã†ã©ã„ã„ã§ã™ã€‚,,ã‚ã‹ã‚Šã‚„ã™ã„ãƒãƒ¼ãƒŸãƒ³ã‚°ã§ã™ã­ã€‚å‘³ã‚‚ãã®é€šã‚Šã§ã™ã€‚éº¦ã¨ãƒãƒƒãƒ—ã®é¦™ã‚ŠãŒæ¥½ã—ã‚ã¦ã€ã‚´ã‚¯ã‚´ã‚¯å–‰è¶Šã—è‰¯ãé£²ã‚ã¾ã™ã€‚æ–™ç†ã®å‘³ã‚’é‚ªé­”ã—ãªã„ã®ã§è‰²ã€…ãªã‚·ãƒ¼ãƒ³ã§æ¥½ã—ã‚ã¾ã™ã­ã€‚,,éº¦ã®é¦™ã‚ŠãŒã—ã£ã‹ã‚Šã¨æ„Ÿã˜ã‚‰ã‚Œã®ã©ã”ã—ã‚‚ã‚ˆã„ã§ã™ã€‚ãƒ“ãƒ¼ãƒ«ã®ã‚ˆã†ãªå‘³ã‚ã„ã‚’æ¥½ã—ã‚ã¾ã™ã€‚é£²ã‚“ã å¾Œã‚‚æ‚ªé…”ã„ã›ãšã€å¿ƒåœ°ã‚ˆã„æ°—åˆ†ã§ã™ã€‚,,"ãƒ“ãƒ¼ãƒ«ã«è¿‘ã„å‘³ã‚ã„ãŒã—ã¾ã™ã€‚ã‚³ã‚¯ã¨é¦™ã‚ŠãŒãƒ“ãƒ¼ãƒ«ã¿ãŸã„ã§ã‚´ã‚¯ã‚´ã‚¯ã„ã‘ã¾ã™ã€‚
ã‚´ãƒ¼ãƒ«ãƒ‰ã®ãƒ©ãƒ™ãƒ«ã‚‚é«˜ç´šæ„ŸãŒæ„Ÿã˜ã‚‰ã‚Œã¦ã„ã„ã§ã™ã­ã€‚
æ³¡ç«‹ã¡ã‚‚ãƒ“ãƒ¼ãƒ«ä¸¦ã¿ã«ã‚ˆã„ã§ã™ã€‚",,ã®ã©è¶Šã—ãŒè‰¯ãã¦ç¾Žå‘³ã—ã„ã¨æ€ã„ã¾ã™ã€‚é¦™ã‚Šã‚‚è‰¯ãã™ã£ãã‚Šã¨ã—ãŸè»½ã‚ã®ãƒ“ãƒ¼ãƒ«ãªã®ã§é£²ã¿ã‚„ã™ã„ã§ã™ã€‚ãŠå€¤æ®µã‚‚ãŠæ‰‹é ƒãªã®ãŒå¬‰ã—ã„ã§ã™ã­ã€‚,,"ã™ã£ãã‚Šã¨ã—ãŸå‘³ã‚ã„ã§ã‚¯ã‚»ãŒç„¡ãã¦é£²ã¿ã‚„ã™ã„ã®ãŒã¨ã¦ã‚‚è‰¯ã„ã§ã™ã€‚
å‘³ã‚‚ãªã‹ãªã‹ãƒ“ãƒ¼ãƒ«ã«è¿‘ã„å‘³ã‚ã„ã§ã€é£²ã¿ã”ãŸãˆã‚‚ã‚ã‚Šã€ãƒ›ãƒƒãƒ—ã®ãƒ•ãƒ«ãƒ¼ãƒ†ã‚£ãƒ¼ã•ã‚‚æ„Ÿã˜ã‚‰ã‚Œã¦çˆ½å¿«ãªæ„Ÿã˜ã§ã™ã€‚
ã‚­ãƒ¬ãŒã‚ã£ã¦å‘³ã«ç· ã¾ã‚ŠãŒã‚ã‚Šã¾ã™ã€‚",,ç¬¬3ã®ãƒ“ãƒ¼ãƒ«ã¨ã®ã“ã¨ã§ã™ãŒçµæ§‹ã‚³ã‚¯ãŒã‚ã‚‹ã¨æ€ã„ã¾ã™ã€‚ã•ã™ãŒã«ãƒ“ãƒ¼ãƒ«ã¨æ¯”ã¹ã‚‹ã¨å°‘ã—ã‚µãƒ©ãƒƒã¨ã—ã¦ã‚‹ã‹ãªã€œã¨æ€ã„ã¾ã™ãŒã€åå‰ã«ãƒ›ãƒƒãƒ—ã¨ä»˜ã„ã¦ã‚‹ã ã‘ã‚ã£ã¦è‹¦å‘³ã‚‚ã„ã„æ„Ÿã˜ã§ç¾Žå‘³ã—ã„ã§ã™ã€‚,,ç™–ãŒãªãé£²ã¿ã‚„ã™ã‹ã£ãŸã§ã™ã€‚å–‰è¶Šã—ã‚‚è‰¯ãã€ã‚³ã‚¯ã‚‚ã‚ã‚Šå¾Œå‘³ã‚‚ç¾Žå‘³ã—ã‹ã£ãŸã§ã™ã€‚æ‰‹é ƒãªä¾¡æ ¼ã«ã‚‚é–¢ã‚ã‚‰ãšå‘³ãŒè‰¯ã‹ã£ãŸã®ã§ã¾ãŸè²·ã„ãŸã„ã§ã™ã€‚,,"ã‚´ãƒ¼ãƒ«ãƒ‰ã®ç¼¶ãŒç›®ã‚’å¼•ãè²·ã£ã¦ã¿ã¾ã—ãŸã€‚
é£Ÿäº‹ã®å‰ã«ã„ãŸã ã„ãŸã®ã§ã™ãŒ
å€¤æ®µãŒå®‰ã„ã‚ã‚Šã«ã¯ã‚³ã‚¯æ·±ã„å‘³ã‚ã„ã§é£²ã¿ã‚„ã™ã„ã¨æ„Ÿã˜ã¾ã—ãŸã€‚",é€€ä¼šæ¸ˆãƒ¦ãƒ¼ã‚¶ãƒ¼ã§ã™,,"åå‰ã®é€šã‚Šéº¦ã®é¦™ã‚ŠãŒåºƒãŒã‚‹å‘³ã‚ã„ã§ã—ãŸã€‚
ãƒ“ãƒ¼ãƒ«ã¨ã®ã‚³ã‚¯ã®é•ã„ã¯æ„Ÿã˜ã¾ã™ãŒã€ãã‚Œã§ã‚‚ååˆ†ãŠã„ã—ã‹ã£ãŸã§ã™ã€‚ãŸã ã€ç‚­é…¸æ„ŸãŒå°‘ã—å¼·ã„ã¨æ„Ÿã˜ã¾ã—ãŸã€‚",,ãƒ“ãƒ¼ãƒ«ã§ã¯ã‚ã‚Šã¾ã›ã‚“ãŒã€ã—ã£ã‹ã‚Šã¨ã—ãŸã‚³ã‚¯ãŒã‚ã£ã¦é¦™ã‚Šã‚‚ã‚ˆããŠã„ã—ã„ã§ã™ã€‚é£²ã¿å£ãŒè»½ãã‚¹ãƒƒã‚­ãƒªã¨ã—ã¦ã„ã‚‹ã®ã§ã€é£Ÿäº‹ã¨ã‚‚åˆã„ã¾ã™ã€‚ã‚³ãƒƒãƒ†ãƒªè‚‰ã‚‚ã‚ã£ã•ã‚ŠãŠåˆºèº«ã§ã‚‚ã€ãªã‚“ã§ã‚‚é¸ã°ãšåˆã†ã®ã§æ‰‹ã«å–ã‚Šã‚„ã™ãã€ã“ã¡ã‚‰ã‚’é¸ã¶ã“ã¨ãŒå¤šã„ã§ã™ã€‚,,"å€¤æ®µãŒå®‰ã„ã®ã«é™ã‚Šãªããƒ“ãƒ¼ãƒ«ã«è¿‘ã„å‘³ãªã®ã§ã‚³ã‚¹ãƒ‘æœ€é«˜ã§ã™ã­ï¼
æœ€åˆã«ã²ã¨å£é£²ã‚“ã æ™‚ã®ã®ã©ã”ã—ãŒç¾Žå‘³ã—ã„ï¼
ãƒ‘ãƒƒã‚±ãƒ¼ã‚¸ã‚‚ã‚·ãƒ³ãƒ—ãƒ«ã§ç´ æ•µã§ã™ã€‚
",é€€ä¼šæ¸ˆãƒ¦ãƒ¼ã‚¶ãƒ¼ã§ã™,,éº¦ã¨ãƒ›ãƒƒãƒ—ãŒæ–°ã—ããªã£ãŸã¿ãŸã„ã§ã™ã­ã€‚ãƒªãƒ‹ãƒ¥ãƒ¼ã‚¢ãƒ«ä»¥å‰ã®å‘³ã¯è¦šãˆã¦ã„ãªã„ã®ã§ã™ãŒã€é£²ã‚“ã§ã¿ã‚‹ã¨ã®ã©ã”ã—ãŒã‚ˆãã‚³ã‚¯ã®ã‚ã‚‹ãŠã„ã„ã•ã§ã—ãŸã€‚é£Ÿäº‹ã«ã‚‚ã‚ˆãåˆã†ã¨æ€ã„ã¾ã™ã€‚ã‚¯ã‚»ã®ãªã„å‘³ã§å¾Œå‘³ã‚‚ã‚ˆã‹ã£ãŸã§ã™ã€‚,,ã‚µãƒƒãƒãƒ­ãƒ“ãƒ¼ãƒ«ã®LINEã§å½“ãŸã£ã¦ãƒ­ãƒ¼ã‚½ãƒ³ã§ã‚‚ã‚‰ã„ã¾ã—ãŸã€‚ç¬¬ï¼“ã®ãƒ“ãƒ¼ãƒ«ã ãã†ã§ã™ãŒã€ãƒ‘ãƒƒã‚±ãƒ¼ã‚¸ã¯é‡‘è‰²ã§é«˜ç´šæ„ŸãŒã‚ã‚Šã¾ã™ã€‚å‘³ã‚‚ã€è¨€ã‚ã‚Œãªã‘ã‚Œã°ç¬¬ï¼“ã®ãƒ“ãƒ¼ãƒ«ã ã¨ã¯ã‚ã‹ã‚Šã¾ã›ã‚“ã€‚,,"ãƒªãƒ¼ã‚ºãƒŠãƒ–ãƒ«ã§ãŠã„ã—ã„ãƒ“ãƒ¼ãƒ«ã§ã™ã€‚ã„ã‚ã‚†ã‚‹ç¬¬ä¸‰ã®ãƒ“ãƒ¼ãƒ«ã§ã™ãŒã€ã‚³ã‚¯ã‚„ã‚­ãƒ¬ãŒã‚ã‚Šã€ã¨ã¦ã‚‚æœ¬æ ¼çš„ãªå‘³ã‚ã„ã§æ°—ã«å…¥ã£ã¦ã„ã¾ã™ã€‚
ãƒ‘ãƒƒã‚±ãƒ¼ã‚¸ã‚‚ã‚´ãƒ¼ãƒ«ãƒ‰ã§é«˜ç´šæ„ŸãŒã‚ã‚Šã€è‹¦å‘³ã‚‚ãã“ã¾ã§å¼·ããªã„ã®ã§é£Ÿäº‹ã«ã‚‚ã‚ˆãåˆã„ã¾ã—ãŸã€‚",,"æ–°ã¨ãªã£ã¦ã„ãŸã®ã§ã€ä½•ã‹å¤‰ã‚ã£ãŸã®ã§ã—ã‚‡ã†ã‹ï¼Ÿ
ä»¥å‰ã®ã‚‚ã®ã¨é•ã„ã¯ã‚ˆãåˆ†ã‹ã‚Šã¾ã›ã‚“ã§ã—ãŸãŒã€ã“ã¡ã‚‰ã¯ç¬¬ä¸‰ã®ãƒ“ãƒ¼ãƒ«ãªãŒã‚‰ç¾Žå‘³ã—ã„ã§ã™ã€‚
ãƒ“ãƒ¼ãƒ«ã‚’æ¯Žæ—¥é£²ã‚€ã«ã¯ã‚³ã‚¹ãƒˆçš„ã«åŽ³ã—ã„ã§ã™ãŒã€å®‰ä¾¡ã§ã“ã®å‘³ãªã‚‰ã°æœ‰é›£ã„ã§ã™ã­ã€‚",,è‡ªåˆ†ã¯ãƒ“ãƒ¼ãƒ«ã€ç™ºæ³¡é…’ã®å‘³ãŒã‚ã‹ã‚‰ãªã„ã®ã§é•ã„ã¯ã‚ˆãã‚ã‹ã‚Šã¾ã›ã‚“ã§ã—ãŸã€‚ç¬¬3ã®ãƒ“ãƒ¼ãƒ«ã¨ã„ã†ã“ã¨ã§ååˆ†ãªã®ã§ã¯ãªã„ã‹ã¨ãŠã‚‚ã„ã¾ã™ã€‚,,ãƒ“ãƒ¼ãƒ«ã«ã¡ã‹ã„å‘³ã§ã€é‡‘éº¦ã«ä¼¼ã¦ã„ã‚‹ã¨æ„Ÿã˜ã¾ã—ãŸã€‚è‹¦å‘³ã€ã®ã©ã”ã—ãŒã‚ã‚Šã€é£Ÿäº‹ã«ã‚ã„ã¾ã—ãŸã€‚å€¤æ®µã‚‚æ‰‹é ƒã ã—ã€ã¾ãŸè²·ã†ã¨æ€ã„ã¾ã™ã€‚,,ç™ºæ³¡é…’ã§ã™ãŒã€æ™®æ®µãªã‹ãªã‹ç‰¹å£²ã‚’ã—ã¦ã„ãªã„ã®ã§ã€ä»–ã®å•†å“ã‚’è²·ã†ã“ã¨ãŒå¤šãã¦ã€åˆã‚ã¦é£²ã‚“ã ã®ã§ã™ãŒã€å‘³ã¯ãƒ“ãƒ¼ãƒ«ã«è¿‘ãã€ã¨ã¦ã‚‚ç¾Žå‘³ã—ãæ„Ÿã˜ã¾ã—ãŸã€‚è¨€ã‚ã‚Œãªã‘ã‚Œã°ã€ãƒ“ãƒ¼ãƒ«ã¨é–“é•ãˆã‚‹ãã‚‰ã„ã®ç¾Žå‘³ã—ã•ã§ã™ã€‚,,éº¦ã¨ãƒ›ãƒƒãƒ—ã¯è‹¦å‘³ã¨æ—¨å‘³ã€ãƒ›ãƒƒãƒ—ã®é¦™ã‚Šã¨ã®ãƒãƒ©ãƒ³ã‚¹ãŒè‰¯ãã¦æ–°ã‚¸ãƒ£ãƒ³ãƒ«ã®ä¸­ã§ã‚‚ä¸€ç•ªãƒ“ãƒ¼ãƒ«ã«è¿‘ã„å‘³ã‚ã„ãŒæ¥½ã—ã‚ã‚‹ã‚‚ã®ã ã¨æ€ã„ã¾ã™ã€‚ãƒªãƒ‹ãƒ¥ãƒ¼ã‚¢ãƒ«ã«ã‚ˆã£ã¦éº¦ã®åŠ›å¼·ã„å‘³ã‚ã„ã¯ãã®ã¾ã¾ã«ã•ã‚‰ã«é£²ã¿ã‚„ã™ããªã£ãŸæ„Ÿã˜ãŒã—ã¾ã™ã€‚,,ç¬¬ï¼“ã®ãƒ“ãƒ¼ãƒ«ã¨ã„ã†ã“ã¨ã§ã€è²¡å¸ƒã«ã‚„ã•ã—ãå®‰ãè²·ãˆãŸã®ã§ã™ãŒã€ã“ãã‚‚å‘³ã‚ã„ã‚‚ã‚ã£ã¦ç¾Žå‘³ã—ãé£²ã‚ã¾ã—ãŸã€‚ã®ã©ã”ã—ã ã‘ãŒå°‘ã—ã ã‘æ®‹å¿µã§ã—ãŸã€‚,é€€ä¼šæ¸ˆãƒ¦ãƒ¼ã‚¶ãƒ¼ã§ã™,,åˆã‚ã¦é£²ã¿ã¾ã—ãŸãŒã€ï½¢ã“ã‚Œã£ã¦ç¬¬3ã®ãƒ“ãƒ¼ãƒ«ï¼Ÿï½£ã¨æ€ã†ãã‚‰ã„ã€ãƒ“ãƒ¼ãƒ«ã«è¿‘ã„å‘³ã§ã€ç¾Žå‘³ã—ã‹ã£ãŸã§ã™ã€‚é£²ã¿ã‚„ã™ãã‚¹ãƒƒã‚­ãƒªã—ã¦é£Ÿäº‹ã«è‰¯ãåˆã„ã€å¤§æº€è¶³ã§ã—ãŸã€‚,,é£²ã¿ã‚„ã™ãã‚¹ãƒƒã‚­ãƒªã¨ã—ãªãŒã‚‰ã‚‚éº¦èŠ½ã‚„å¤§éº¦ã®å‘³ã‚ã„ã‚„ã‚’æ„Ÿã˜ã•ã›ã¦ãã‚Œã‚‹æ‰€ã‚„é¼»ã‹ã‚‰æŠœã‘ã‚‹ãƒ›ãƒƒãƒ—ã®é¦™ã‚ŠãŒã¨ã¦ã‚‚å¿ƒåœ°ã‚ˆãæ™®æ®µé£²ã‚€ã®ã«ã¯ã¡ã‚‡ã†ã©ã‚ˆã„ã¨æ€ã„ã¾ã™ã€‚,,"ç¬¬ä¸‰ã®ãƒ“ãƒ¼ãƒ«ã¯ã„ã‚ã„ã‚ã‚ã‚Šã¾ã™ãŒï¼Œãã®ãªã‹ã§ã‚‚ãƒ“ãƒ¼ãƒ«ã«è¿‘ã„å‘³ãŒã™ã‚‹ã®ã§ï¼Œãƒ“ãƒ¼ãƒ«ã ã¨æ€ã£ã¦é£²ã‚“ã§ã„ã¾ã™ã€‚
ã©ã‚“ãªæ–™ç†ã«ã‚‚ã‚ˆãåˆã„ã¾ã™ã€‚",,ç¬¬ï¼“ã®ãƒ“ãƒ¼ãƒ«ã®ä¸­ã§ä¸€ç•ªãƒ“ãƒ¼ãƒ«ã£ã½ã„ã¨æ€ã„ã¾ã™ï¼ãƒ“ãƒ¼ãƒ«ã«è¿‘ã„ãƒ›ãƒƒãƒ—ã®é¦™ã‚Šã¨è‹¥å¹²ã®è‹¦å‘³ã‚‚ã‚ã‚Šã€å€¤æ®µã®å‰²ã‚Šã«æº€è¶³æ„Ÿé«˜ã„ã§ã™ï¼ç§ã‚‚ä¸»äººã‚‚ãŠæ°—ã«å…¥ã‚Šã§æ—¥å¸¸ã®æ™©é…Œã¯åŸºæœ¬ã‚³ãƒ¬ã§ã™ï¼,,"ã“ã‚Œã¯ä¸»äººãŒå¥½ãã§ã‚ˆãè²·ã„ã¾ã™ã­ã€‚
ç¬¬ï¼“ãƒ“ãƒ¼ãƒ«ã®ä¸­ã§ã¯å‘³ãŒã—ã£ã‹ã‚Šã—ã¦ã„ã¦ãƒ“ãƒ¼ãƒ«ã«è¿‘ã„æº€è¶³æ„ŸãŒã‚ã‚Šã¾ã™ã€‚
ã‚´ã‚¯ã‚´ã‚¯ã¨ä¸€æ°—ã«é£²ã‚€ã‚ˆã‚Šã¯ã€ã‚†ã£ãã‚Šã—ã£ã‹ã‚Šé£²ã‚ã‚‹ã®ã§å¤ã‚ˆã‚Šã“ã‚Œã‹ã‚‰ã®å†¬ã«å‘ã‹ã£ã¦é£²ã‚“ã§è¡ŒããŸã„ã§ã™ã­ã€‚ã¡ãªã¿ã«ç‚­é…¸æŠœã‘ã‹ã‘ã¦ã¬ã‚‹ããªã£ã¦ãã¦ã‚‚ä»–ã®ãƒ“ãƒ¼ãƒ«ç³»ã‚ˆã‚Šã‚‚æ¯”è¼ƒçš„é£²ã¿ã‚„ã™ã‹ã£ãŸã¨æ€ã„ã¾ã™ã€‚",é€€ä¼šæ¸ˆãƒ¦ãƒ¼ã‚¶ãƒ¼ã§ã™,,"ç™ºæ³¡é…’ãªã®ã«ã€ãƒ“ãƒ¼ãƒ«ã«è¿‘ã„å‘³ã§ã³ã£ãã‚Šã—ã¾ã—ãŸã€‚
ã‚³ã‚¯ãŒã‚ã‚Šã€è‹¦ã¿ãŒãã¤ããªã„ã®ã§ã€é£²ã¿ã‚„ã™ã„ã§ã™ã€‚
é£Ÿäº‹ã«è‰¯ãåˆã„ã¾ã™ã€‚
",,ç¬¬3ã®ãƒ“ãƒ¼ãƒ«ã¨ã—ã¦ã¯ãƒ“ãƒ¼ãƒ«ã«è¿‘ã„å‘³ã—ã¾ã—ãŸã€‚éº¦ã®é¦™ã‚ŠãŒãµã‚ã£ã¨é¦™ã£ã¦ç¾Žå‘³ã—ã„ã§ã™ã€‚ã‚­ãƒ¬ã¨ã‚³ã‚¯ã®ãƒãƒ©ãƒ³ã‚¹ãŒè‰¯ãã€ã»ã©ã‚ˆã„è‹¦å‘³ã‚‚ã‚ã‚Šã¾ã™ã€‚ã‚‚ã†å°‘ã—å¼·ã‚ã®ã®ã©ã”ã—ãŒã‚ã£ã¦ã‚‚ã„ã„ã‹ãªã¨æ€ã„ã¾ã™ã€‚,,å£ã®ä¸­ã«å«ã‚“ã æ™‚ã«ã€ã¡ã‚‡ã£ã¨è‹¦ã¿ã‚’å¼·ãæ„Ÿã˜ã¾ã—ãŸã€‚ãŸã ã€å…¨ä½“çš„ãªå‘³ã¯ã‚¹ãƒƒã‚­ãƒªã—ã¦ã„ã¾ã™ã€‚å‘³ã¨ã—ã¦ã¯æ‚ªããªã„ã®ã§ã™ãŒã€é£²ã¿è¾¼ã‚“ã å¾Œã«ã¡ã‚‡ã£ã¨èˆŒã«é›‘å‘³ãŒæ®‹ã£ãŸã®ãŒæ®‹å¿µã§ã™ã€‚,,ç™ºæ³¡é…’ã§ã™ãŒã€é¦™ã‚Šã‚³ã‚¯ã¨ã‚‚ã«å‘³ã‚ã„ãŒã‚ã£ã¦å¥½ãã§ã™ã€‚ã‚­ãƒ¬ã‚‚ã‚ã£ã¦å¾Œå‘³ã‚‚ã‚ˆãã©ã‚“ãªãŠã¤ã¾ã¿ã«ã‚‚åˆã„ã¾ã™ã€‚ç™ºæ³¡é…’ã®ä¸­ã§1ç•ªç¾Žå‘³ã—ã„ã¨æ€ã„ã¾ã™ã€‚,é€€ä¼šæ¸ˆãƒ¦ãƒ¼ã‚¶ãƒ¼ã§ã™,,é«˜ç´šæ„Ÿã‚ã‚‹é‡‘ã®ãƒ‡ã‚¶ã‚¤ãƒ³ãŒç›®ç«‹ã¡ã¾ã™ã­ã€‚ãã‚Œã«ã€é¦™ã‚Šã®è‰¯ã•ãŒå¥½å°è±¡ã€‚ãã‚Œã«ã€ã•ã‚ã‚„ã‹ãªè‹¦ã¿ã€‚ç¬¬3ã®ãƒ“ãƒ¼ãƒ«ã¨ã—ã¦ã¯ã‹ãªã‚Šå¥½ããªå‘³ã§ã™ã€‚ã‚¢ãƒ«ã‚³ãƒ¼ãƒ«åº¦æ•°ã‚‚é©åº¦ãª5ï¼…ã€‚æ¯Žæ™©ãƒã‚·ãƒã‚·é£²ã‚€ã®ã«æœ€é©ãª1æœ¬ã§ã™ã€‚ãªã‚“ã›ã€ã‚³ã‚¹ãƒˆãƒ‘ãƒ•ã‚©ãƒ¼ãƒžãƒ³ã‚¹é«˜ã„ç¬¬3ã®ãƒ“ãƒ¼ãƒ«ãªã®ã§ã™ã‹ã‚‰ã€‚,,ç¬¬ä¸‰ã®ãƒ“ãƒ¼ãƒ«ã¨ã—ã¦ã¯æœ¬æ ¼çš„ãªå‘³ãŒã—ã¾ã™ã€‚ã®ã©ã”ã—ã‚‚è‰¯ãå‘³ã‚ã„ãŒã‚ã‚Šã¾ã™ãŒã€ã‚„ã¯ã‚Šç¬¬ä¸‰ã®ãƒ“ãƒ¼ãƒ«ã§ã™ã®ã§ã‚³ã‚¯ãŒè¶³ã‚Šãªã„æ°—ãŒã—ã¾ã™ã€‚ã‚ã¾ã‚Šã‚¢ãƒ«ã‚³ãƒ¼ãƒ«è‡­ã•ãŒãªã„ã®ã§ã€æ™®æ®µä½¿ã„ã¨ã—ã¦æœ€è¿‘ã¯ã“ã‚Œã‚’è‰¯ãé£²ã‚“ã§ã„ã¾ã™ã€‚,,æœ€è¿‘ã‚¯ãƒªã‚¢ã‚¢ã‚µãƒ’ç³»ã®ã™ã£ãã‚Šã—ãŸé£²ã¿å£ã®ç¬¬ï¼“ã®ãƒ“ãƒ¼ãƒ«ã‚’ã‚ˆãé£²ã‚“ã§ã„ã‚‹ã®ã§ã™ãŒã€ãã¡ã‚‰ã¨æ¯”ã¹è‹¦ã¿ãŒå¼·ã„ã¨æ€ã„ã¾ã™ã€‚ç‰¹ã«ã€å¾Œå‘³ã‚‚è‹¦ã¿ãŒå£ã®ä¸­ã«æ®‹ã‚Šã¾ã™ã€‚,,ã‚´ãƒ¼ãƒ«ãƒ‰ã®ãƒ‘ãƒƒã‚±ãƒ¼ã‚¸ãŒã¨ã£ã¦ã‚‚é«˜ç´šæ„ŸãŒã‚ã£ã¦ã‚´ãƒ¼ã‚¸ãƒ£ã‚¹ãªæ„Ÿã˜ãŒã—ã¾ã™ã€‚å¤§å¤‰é£²ã¿ã‚„ã™ã„ã—å¾Œå‘³ã‚‚ã•ã£ã±ã‚Šã—ã¦ç¾Žå‘³ã—ã„ã§ã™ã€‚ãƒ“ãƒ¼ãƒ«ã¨åŒã˜ãã‚‰ã„ã®ã‚¢ãƒ«ã‚³ãƒ¼ãƒ«æ¿ƒåº¦ã§å®‰ã„ãªã‚“ã¦å¤§æº€è¶³ã§ã™ã€‚,,ç¬¬ä¸‰ã®ãƒ“ãƒ¼ãƒ«é¡žã®ãªã‹ã§ã¯ã€ä¸€ç•ªæœ¬æ ¼çš„ãªå‘³ã‚’ã—ã¦ã„ã‚‹ã¨æ€ã„ã¾ã™ã€‚å°‘ã—æ¿ƒã„ç›®ã®ã—ã£ã‹ã‚Šã—ãŸå‘³ã‚ã„ã¨é¦™ã‚Šã§ã€ã“ã‚Œã ã‘ã§ã‚‚æ¥½ã—ã‚ã‚‹ã¨æ€ã„ã¾ã™ã€‚,,"ç™ºæ³¡é…’ã®ä¸­ã§ã¯ã€ãƒ“ãƒ¼ãƒ«ã®é¢¨å‘³ãŒã—ã£ã‹ã‚Šå‡ºã¦ã„ã‚‹ã¨æ€ã„ã¾ã™ã€‚
é¦™ã¯å°‘ã—å¼±ã„ã¨æ€ã„ã¾ã™ãŒã€ã‚³ã‚¯ãŒã‚ã£ã¦ãƒ“ãƒ¼ãƒ«ã‚‰ã—ã„å‘³ã‚ã„ã ã¨æ€ã„ã¾ã™ã€‚
ã‚´ãƒ¼ãƒ«ãƒ‰è‰²ã®ãƒ‘ãƒƒã‚±ãƒ¼ã‚¸ã‚‚ãŠã—ã‚ƒã‚Œã§ã„ã„ã§ã™ã­ã€‚",,"



ã“ã®éº¦ã¨ãƒ›ãƒƒãƒ—ã€åˆ†é¡žã‹ã‚‰ã„ãˆã°ç™ºæ³¡é…’ãªã®ã§ã‚ã‚‹ã€‚ã«ã‚‚ã‹ã‹ã‚ã‚‰ãšæ­£çµ±æ´¾ï¼Ÿã®ãƒ“ãƒ¼ãƒ«ã‚’ä¸»å¼µã™ã‚‹ã‚ˆã†ãªã€Œéº¦ã¨ãƒ›ãƒƒãƒ—ã€ã¨ã„ã†åç§°ã«å¯¾ã—ã€ä¸€ç¨®ã®ãƒ¬ã‚¸ã‚¹ã‚¿ãƒ³ã‚¹ã‚’å¼·ãæ„Ÿã˜ã¾ã™ã€‚


ãã‚“ãªèƒŒæ™¯ãŒã‚ã‚‹ã®ã‹ã€ã“ã®ãŠé…’ã®åç§°ã ã‘ã§ãªãã€ä¸­èº«ã‚‚æ¥µåŠ›ãƒ“ãƒ¼ãƒ«ã®é¦™ã‚Šãƒ»å‘³ã‚ã„ã«è¿‘ã¥ã‘ã‚ˆã†ã¨ã™ã‚‹å¤§å¤‰ãªåŠªåŠ›ã®è·¡ãŒç¨®ã€…æ„Ÿã˜ã‚‰ã‚Œã¾ã™ã€‚


æ°—ãŒä»˜ã„ãŸç‚¹ã‚’æ›¸ãã¾ã™ã¨ã€ã¤ãŽã®ã‚ˆã†ã«ãªã‚Šã¾ã™ã€‚ç™ºæ³¡é…’ãªãŒã‚‰ãƒ‘ãƒƒã‚±ãƒ¼ã‚¸ã®è‰²ã¯ã€ãƒ“ãƒ¼ãƒ«ã§ã‚‚é«˜ç´šãƒ–ãƒ©ãƒ³ãƒ‰ã«ä½¿ç”¨ã•ã‚Œã¦ã„ã‚‹ã‚´ãƒ¼ãƒ«ãƒ‰ã§ã€é«˜ç´šãƒ“ãƒ¼ãƒ«æ„Ÿã‚’è¨´ãˆã¦ã„ã¾ã™ã€‚ç™ºæ³¡é…’ã§ã™ãŒå‘³ã‚ã„ã‚‚ã€ãƒ“ãƒ¼ãƒ«ã«ã¨ã¦ã‚‚è¿‘ã„å‘³ã‚ã„ã«ã‚ãˆã¦ã—ã¦ã„ã¾ã™ã€‚ãƒ“ãƒ¼ãƒ«ã‚’ç‰¹å¾´ã¤ã‘ã‚‹æŒ‡æ¨™ã€é¦™ã‚Šã¨ã‚³ã‚¯ã¨ãŒã‚ã£ã¦é…¸å‘³ã‚„è‹¦å‘³ãŒå°‘ãªã„ã®ã§ã€ã™ã£ãã‚Šã—ã¦ãŠã‚Šã€å¾Œå‘³ãŒã¨ã¦ã‚‚ã‚ˆã„ã¨æ€ã„ã¾ã™ã€‚ç´ æã®è³ªã‚’æ±ºã—ã¦è½ã¨ã™ã“ã¨ãªãå‹è² ã—ã¦ã„ã‚‹ã®ã§ã€ã¨ã¦ã‚‚ç¾Žå‘³ã—ãã‚°ãƒ“ã‚°ãƒ“ã„ãŸã ã‘ã¾ã™ã€‚


ã‚¢ãƒ«ã‚³ãƒ¼ãƒ«åº¦æ•°ã‚‚5%ã«åˆã‚ã›ã¦ã€ãƒ“ãƒ¼ãƒ«ã¨ã»ã¼åŒç­‰ã§æº€è¶³ã§ã™ã€‚ãã®ä¸Šå€¤æ®µã‚‚å®‰ã„ã¨æ¥ã¦ã„ã‚Šã‚ƒæ¶ˆè²»è€…ã¨ã—ã¦ã„ã†ã“ã¨ãƒŠã‚·ã§ã™ã€‚
",,ç¬¬ä¸‰ã®ãƒ“ãƒ¼ãƒ«ã‚„æ–°ã‚¸ãƒ£ãƒ³ãƒ«ã€ãã®åŒºåˆ¥ã¯ä»Šä¸€ã¤ã‚ˆãã‚ã‹ã‚‰ãªã„ã‘ã‚Œã©ã€ãƒ“ãƒ¼ãƒ«ã§ã¯ãªã„ãƒ“ãƒ¼ãƒ«ç³»é£²æ–™ã®ä¸­ã§ã¯ã“ã‚ŒãŒä¸€ç•ªãŠã„ã—ã„ã€‚ã“ã‚ŒãŒãƒ“ãƒ¼ãƒ«ã«ä¸€ç•ªè¿‘ã„ã‚“ã˜ã‚ƒãªã„ã‹ãªã€‚,é€€ä¼šæ¸ˆãƒ¦ãƒ¼ã‚¶ãƒ¼ã§ã™,,é©åº¦ã«è»½ãã¦å£å½“ãŸã‚ŠãŒè‰¯ãã€è‹¦å‘³ã‚‚ã‚ã£ã¦é£²ã¿ã”ãŸãˆãŒã‚ã‚Šã¾ã™ã­ã€‚ã¨ã¦ã‚‚ãƒ“ãƒ¼ãƒ«ã«è¿‘ã„å‘³ã«ãªã£ã¦ã„ã¾ã™ã€‚ã‚´ãƒ¼ãƒ«ãƒ‰ã®ãƒ‘ãƒƒã‚±ãƒ¼ã‚¸ã‚‚ç›®ç«‹ã£ã¦ã„ã¾ã™ã­ã€‚,,å¤‰ãªã‚¯ã‚»ãŒãªã„ã®ã§ã¨ã¦ã‚‚é£²ã¿ã‚„ã™ã„ç™ºæ³¡é…’ã§ã™ã€‚å¾Œå‘³ã¯ã™ã£ãã‚Šã¨ã—ã¦ã„ã¦ã»ã‚“ã®ã‚Šè‹¦å‘³ãŒæ„Ÿã˜ã‚‰ã‚Œã¾ã™ã€‚é£Ÿäº‹ã®å‘³ã‚’é‚ªé­”ã™ã‚‹ã“ã¨ãªãã”ãã”ãé£²ã‚ã¾ã™ã€‚,,ãƒ“ãƒ¼ãƒ«ã«è¿‘ã„å‘³ã¨èžã„ã¦è³¼å…¥ã—ã¾ã—ãŸã€‚ç™ºæ³¡é…’ã§ã™ãŒã€ç´ æã®è‰¯ã•ãŒæ„Ÿã˜ã‚‰ã‚Œã¦ã€ã‚°ãƒ“ã‚°ãƒ“é£²ã‚ã¾ã™ã€‚ã‚¢ãƒ«ã‚³ãƒ¼ãƒ«5%ã§ã€ãƒ“ãƒ¼ãƒ«ã®æ›¿ã‚ã‚Šã¨ã—ã¦å¤§æº€è¶³ã§ã™ã€‚å€¤æ®µã‚‚å®‰ã„ã®ã§ã€è³¼å…¥ã—ã‚„ã™ã„ã§ã™ã€‚,,ç™ºæ³¡é…’ã§ã™ãŒãƒ“ãƒ¼ãƒ«ã«è¿‘ã„å‘³ã‚ã„ã ã¨æ€ã„ã¾ã™ã€‚ã‚³ã‚¯ã¨é¦™ã‚ŠãŒã‚ã£ã¦è‹¦å‘³ãŒãªãã™ã£ãã‚Šã—ã¦ã„ã¦é¢¨å‘³ãŒè‰¯ã„æ„Ÿã˜ã§å¾Œå‘³ã¨ã—ã¦æ®‹ã‚Šã¾ã™ã€‚ã¨ã¦ã‚‚ç¾Žå‘³ã—ã„ã§ã™ã€‚,,é£²ã¿ã‚„ã™ã„ã€ç¨‹ã‚ˆã„ã‚³ã‚¯ã¨ã‚­ãƒ¬ã§ã‚´ã‚¯ã‚´ã‚¯ã¨é£²ã‚“ã§ã—ã¾ã„ã¾ã™ã€‚éº¦ã®é¢¨å‘³ã¨é¦™ã‚Šã‚‚ã€ã»ã‚“ã®ã‚Šã¨ã‚ã‚Šç™ºæ³¡é…’ãªãŒã‚‰ã€ã‚ˆãå‡ºæ¥ã¦ã‚‹ãªãã¨æ€ãˆã¾ã—ãŸã€‚ç¼¶ã®è‰²åˆã„ã®ã‚´ãƒ¼ãƒ«ãƒ‰ã‚‚ã‚­ãƒ¬ã‚¤ã§å¥½ãã§ã™ã€‚,,ãƒŠãƒãƒ¥ãƒ©ãƒ«ãªéº¦èŠ½ã®ã†ã¾å‘³ãŒã‚ã£ã¦ã€è¯ã‚„ã‹ãªé¦™ã‚Šã«ç‰¹å¾´ãŒã‚ã‚Šã¾ã—ãŸã€‚ã‚­ãƒ¬ã¯æŽ§ãˆã‚ã§ã™ãŒã€ç‚­é…¸ã®å–‰ã¸ã®åˆºæ¿€ãŒçˆ½ã‚„ã‹ã§ã™ã€‚æ™®æ®µã®é£Ÿäº‹ã¨ã®ç›¸æ€§ã‚‚è‰¯ã•ãã†ã§ã™ã€‚,,"éº¦ã¨ãƒ›ãƒƒãƒ—ã¯ã‚µãƒƒãƒãƒ­ãƒ“ãƒ¼ãƒ«ã®æ–°ã‚¸ãƒ£ãƒ³ãƒ«ã®ãŠé…’ã§ã™ã€‚
ã‚µãƒƒãƒãƒ­ãƒ“ãƒ¼ãƒ«ã¯é»’ãƒ©ãƒ™ãƒ«ã‚‚ãã†ã§ã™ãŒé£Ÿäº‹ã«åˆã‚ã›ã¦é£²ã‚€ã¨ç¾Žå‘³ã—ã„ã§ã™ã­ã€‚å˜ä½“ã§ã¯ã‚ã¾ã‚Šç‰¹å¾´ãŒãªãå„ªã—ã„å‘³ãªã®ã§é£Ÿäº‹ã¨åˆã‚ã›ã‚‹ã¨æœ€å¼·ã®ãŠé…’ã«ãªã‚Šã¾ã™ã­ã€‚
å‘³ã¯ã‚­ãƒ¬ãŒã‚ã‚‹ã¨è¨€ã†ã‚ˆã‚Šå„ªã—ã„æ»‘ã‚‰ã‹ãªå‘³ãŒã—ã¦éº¦ã®é¢¨å‘³ãŒå‡„ãæ„Ÿã˜ã‚‰ã‚Œã¾ã™ã€‚
ã©ã¡ã‚‰ã‹ã¨è¨€ã†ã¨å¥³æ€§ã‚€ããªæ–°ã‚¸ãƒ£ãƒ³ãƒ«ãƒ“ãƒ¼ãƒ«ã ã¨æ€ã„ã¾ã™ã€‚
ç¾Žå‘³ã—ã„ã®ã§ã¾ãŸé£²ã¿ãŸã„ã§ã™ã€‚",,ã™ã£ãã‚Šã¨ã—ãŸé£²ã¿å¿ƒåœ°ã¨è‹¦ã¿ãŒãƒ“ãƒ¼ãƒ«ã¨å¤‰ã‚ã‚Šãªã„å‘³ã§ãŠã„ã—ã„ã§ã™ã€‚ã©ã‚“ãªé£Ÿäº‹ã«ã‚‚åˆã„ã‚„ã™ã„ã§ã™ã—å€¤æ®µã‚‚å®‰ã„ã®ã§è²·ã„ã‚„ã™ã„ã§ã™ã€‚è¦‹ãŸç›®ã‚‚ã‚¤ãƒ³ãƒ‘ã‚¯ãƒˆãŒã‚ã‚‹ã®ã§åº—é ­ã§ã¤ã„ã¤ã„ç›®ã‚’æƒ¹ã‹ã‚Œã¦ã—ã¾ã„ã¾ã™ã€‚,,ã‚µãƒƒãƒãƒ­é»’ãƒ©ãƒ™ãƒ«ãƒ•ã‚¡ãƒ³ãªã®ã§ã€ã“ã®ã‚«ãƒ†ã‚´ãƒªãƒ¼ã§ä¸€ç•ªæœ€åˆã«è©¦ã—ãŸé€¸å“ã§ã™ã€‚é™ã‚Šãªããƒ“ãƒ¼ãƒ«ã«è¿‘ãã€ä¾¡æ ¼çš„ã«ã‚‚æ–‡å¥ãªã—ã®ãŠå‘³ã§ã™ã­ã€‚æœ€è¿‘ã¯ã€éº¦ã¨ãƒãƒƒãƒ—ãƒ–ãƒ©ãƒ³ãƒ‰ã§æ§˜ã€…ãªç¨®é¡žãŒç™ºç”Ÿã—ã¦ã„ã¾ã™ãŒã€ã“ã®ã‚ªãƒªã‚¸ãƒŠãƒ«ãŒä¸€ç•ªç¾Žå‘³ã—ã„ã§ã™ã€‚,,ã‚´ãƒ¼ãƒ«ãƒ‰ã®ãƒ‘ãƒƒã‚±ãƒ¼ã‚¸ã«é«˜ç´šã•ã‚’æ„Ÿã˜è³¼å…¥ã€‚ãƒªã‚­ãƒ¥ãƒ¼ãƒ«ã®å‘³ãŒã™ã”ãã—ã¾ã™ã€‚ãƒ“ãƒ¼ãƒ«ã¨ã„ã†ã‚ˆã‚Šãƒªã‚­ãƒ¥ãƒ¼ãƒ«ã‚’é£²ã‚“ã§ã„ã‚‹æ„Ÿã˜ã€‚ç§ã¯ã“ã®ãƒªã‚­ãƒ¥ãƒ¼ãƒ«ã®å‘³ãŒå€‹äººçš„ã«å¥½ãã§ã™ã€‚é…”ã£æ‰•ã„ã™ãŽãªãã£ã¦ã”ãã”ãé£²ã‚ã‚‹ã®ã§ã€‚å¾Œå‘³ã™ã£ãã‚Šã§ã™,é€€ä¼šæ¸ˆãƒ¦ãƒ¼ã‚¶ãƒ¼ã§ã™,,"å¤«ãŒã‚ˆãè²·ã£ã¦æ¥ã¾ã™ã€‚ã‚´â€•ãƒ«ãƒ‰ã§ã€é«˜ç´šæ„Ÿã‚ã‚Šã¾ã™ã­ã€‚éº¦100ï¼…ãŒé­…åŠ›çš„ã§ã™ã€‚ã¨ã¦ã‚‚ãƒãƒ©ãƒ³ã‚¹ã‚ˆãé£²ã¿ã‚„ã™ãã€ç¾Žå‘³ã—ã„ã§ã™ã€‚ä½Žä¾¡æ ¼ã§ã€ãŠè–¦ã‚ã§ã™ã€‚æ˜¯éžã‚ˆãå†·ã‚„ã—ã¦ãŠè©¦ã—ãã ã•ã„ã­ï¼
",,10å‘¨å¹´ãŠã‚ã§ã¨ã†ã”ã–ã„ã¾ã™ï¼ç™ºå£²å½“åˆã‹ã‚‰å¥½ãã§ã€é£²ã¾ã›ã¦ã„ãŸã ã„ã¦ã„ã¾ã™ã€‚è¦šãˆã‚„ã™ã„å•†å“åã¨ã‚ã‹ã‚Šã‚„ã™ã„ç‰¹å¾´ãŒè‰¯ã„ã§ã™ã­ã€‚ã“ã¡ã‚‰ã‚’é£²ã‚“ã§ã‹ã‚‰ã€éº¦ã¨ãƒ›ãƒƒãƒ—ã®é¦™ã‚Šã®è‰¯ã•ã‚’çŸ¥ã‚‹ã“ã¨ãŒå‡ºæ¥ã¾ã—ãŸã€‚è‹¦å‘³ãŒæŠ‘ãˆã‚‰ã‚Œã¦ã„ã¦ã™ã£ãã‚Šã¨ã—ã¦ã„ã‚‹å¾Œå‘³ãŒé£²ã¿ã‚„ã™ãã€ã‚¢ãƒ«ã‚³ãƒ¼ãƒ«åˆ†ã¯5ï¼…ã¨ç¨‹ã‚ˆãé…”ã†ã«ã¯ã¡ã‚‡ã†ã©è‰¯ãã€ã‚´ã‚¯ã‚´ã‚¯ã¨é£²ã‚€ã‚¹ãƒ”ãƒ¼ãƒ‰ã‚‚æ—©ã¾ã‚Šã¾ã™ã€‚ç‚­é…¸ã®åˆºæ¿€ã‚ˆã‚Šã‚‚å‘³ã‚’é‡è¦–ã—ã¦é£²ã¿ãŸã„æ™‚ã«é¸ã‚“ã§ã„ã¾ã™ã€‚,,è‹¦å‘³ãŒãã“ã¾ã§ãã¤ããªã„ç™ºæ³¡é…’ã®ã§ã€ã‚¹ãƒƒã‚­ãƒªã—ã¦ã„ã¦é£²ã¿ã‚„ã™ã„ã¨æ€ã„ã¾ã™ã€‚éº¦ã®é¦™ã‚ŠãŒè‰¯ã„ã§ã™ã—ã€å¾Œå‘³ã‚‚ã¨ã¦ã‚‚è‰¯ã„ã¨æ€ã„ã¾ã™ã€‚,,ç´ æãŒã‚ˆã‘ã‚Œã°ãã‚Œã ã‘ã§ã†ã¾ã„ã‚’ã‚³ãƒ³ã‚»ãƒ—ãƒˆã«å¤§éº¦ã¨éº¦èŠ½ã ã‘ã§é€ ã‚‹ã‚·ãƒ³ãƒ—ãƒ«ãªéº¦ã®æ—¨ã¿ãŒã‚ã‚Šã€ã‚³ã‚¯ã—ã£ã‹ã‚Šã—ã¦ã„ã¦ã¨ã¦ã‚‚é£²ã¿ã‚„ã™ã„ã§ã™ã€‚ éº¦ã¨ãƒ›ãƒƒãƒ—ã ã‘ã§ä½™è¨ˆãªå‘³ãŒã—ãªã„ã®ã§ã©ã‚“ãªé£Ÿäº‹ã«ã‚‚ãƒ”ãƒƒã‚¿ãƒªã ã—ã€ã˜ã£ãã‚Šéº¦ã®æ—¨ã¿ã‚’å‘³ã‚ã†ã®ã«ã‚‚ã€ãŠé¢¨å‘‚ã‚ãŒã‚Šã«ã‚°ãƒ“ãƒƒã¨é£²ã‚€ã«ã‚‚è‰¯ã„ã§ã™ã€‚ãƒªãƒ¼ã‚ºãƒŠãƒ–ãƒ«ãªä¾¡æ ¼ã§ï¼‘æ—¥ã®ç–²ã‚ŒãŒç™’ã•ã‚Œã¾ã™ã€‚ ,,è‹¦å‘³ãŒãªãã‚¹ãƒƒã‚­ãƒªé£²ã‚ã‚‹ã®ã§ã€ä¸€æ¯ç›®ã®ãƒ“ãƒ¼ãƒ«ã¨ã—ã¦é£²ã‚€ã®ã«ãŠã‚¹ã‚¹ãƒ¡ã§ã™ã€‚éº¦ã‚„ãƒ›ãƒƒãƒ—ã®é¦™ã‚ŠãŒã™ã”ãæ„Ÿã˜ã‚‹ã¨ã„ã†ã‚ã‘ã§ã¯ã‚ã‚Šã¾ã›ã‚“ãŒã€ã•ã£ã±ã‚Šæ„ŸãŒã‚ã‚‹ã®ã§æœ€å¾Œã¾ã§ã”ãã”ãé£²ã‚ã¾ã—ãŸã€‚,,ãƒ“ãƒ¼ãƒ«ç³»é£²æ–™ã®ä¸­ã§ã¯ã“ã‚Œã¯è‹¦å‘³ã‚‚å°‘ãªãã‚ã£ã•ã‚Šã¨ã—ãŸé£²æ–™ã ã¨æ€ã„ã¾ã™ã€‚ã‚¢ãƒ«ã‚³ãƒ¼ãƒ«åº¦æ•°ã‚‚ã¡ã‚‡ã†ã©ã‚ˆã„ã®ã§ã•ã£ã±ã‚Šé£²ã¿ãŸã„ã¨ãã«ã¯ã‚ˆã„ã‹ã¨æ€ã„ã¾ã™ã€‚,,ã¯ã˜ã‚ã¦é£²ã¿ã¾ã—ãŸã€‚ãƒ“ãƒ¼ãƒ«ã¯ã€è‹¦ã„ï¼ã¨ã„ã†ã‚¤ãƒ¡ãƒ¼ã‚¸ãŒå¼·ã„ã®ã§ã€ã»ã¨ã‚“ã©é£²ã¾ãªã„ã®ã§ã™ãŒã€‚ã“ã‚Œã¯ã€è‹¦å‘³ã‚‚ãªãã€å£å½“ãŸã‚Šã‚‚ã‚ˆãã£ã¦ã€é£²ã‚ã¾ã—ãŸã€‚ã‚¢ãƒ«ã‚³ãƒ¼ãƒ«åº¦ã‚‚ã€ã¡ã‚‡ã†ã©ã‚ˆãã¦ã€‚ã“ã‚Œã‹ã‚‰ã®å­£ç¯€ã€ã„ã„ã‹ã‚‚ã€‚,,ãƒªãƒ‹ãƒ¥ãƒ¼ã‚¢ãƒ«ã•ã‚ŒãŸã¨ã‚ã£ã¦æ”¹ã‚ã¦é£²ã‚“ã§ã¿ã¾ã—ãŸãŒã€éº¦ã®æ—¨ã¿ãŒæ„Ÿã˜ã‚‰ã‚Œã¦ãŠã„ã—ã„ã¨æ€ã„ã¾ã™ã€‚ç‚­é…¸æ„Ÿã¯å¼±ã‚ã‹ãªã€‚ãã®åˆ†ã©ã£ã—ã‚Šã¨ã—ãŸå‘³ã‚ã„ã«æ„Ÿã˜ã¾ã—ãŸã€‚,,"10å¹´ç›®ã‚’è¿Žãˆã¦ãƒªãƒ‹ãƒ¥ãƒ¼ã‚¢ãƒ«ã—ãŸéº¦ã¨ãƒ›ãƒƒãƒ—ã‚’é£²ã‚“ã§ã¿ã¾ã—ãŸã€‚
ä»Šã¾ã§ã¯ã€Žéº¦ã¨ãƒ›ãƒƒãƒ—The goldã€ã¨ãªã£ã¦ã„ã¾ã—ãŸãŒã€ã‚·ãƒ³ãƒ—ãƒ«ã«ã€Žéº¦ã¨ãƒ›ãƒƒãƒ—ã€ã ã‘ã«ã€‚
ç¼¶ã«ã¯ã€Žç´ æãŒã‚ˆã‘ã‚Œã°ãã‚Œã ã‘ã§ã†ã¾ã„ã€‚10å¹´ç›®ã®ç­”ãˆã§ã™ã€ã¨æ›¸ã‹ã‚Œã¦ã„ã‚‹ã®ã§ã€ã“ã“ã«ãã¦åŽŸç‚¹å›žå¸°ã§ã€å¤§éº¦ã¨éº¦èŠ½ã ã‘ã§ä½œã‚‹ã‚·ãƒ³ãƒ—ãƒ«ãªç¾Žå‘³ã—ã•ã‚’å†ç™ºä¿¡ã—ãŸã„ã¨ã„ã†æ„Ÿã˜ãŒã—ã¾ã™ã­ã€‚

ã‚­ãƒ³ã‚­ãƒ³ã«å†·ã‚„ã—ã¦å¤•é£Ÿã®æ™‚ã«é£²ã‚“ã ã‚‰ã€ã‚‚ã†ä¸€å£ç›®ã‹ã‚‰ï¼‘æ—¥ã®ç–²ã‚ŒãŒç™’ã•ã‚Œã¾ã—ãŸ(^-^)
éº¦ã®æ—¨ã¿ã‚„ã‚³ã‚¯ã—ã£ã‹ã‚Šã§ï¼
é¦™ã‚Šã¯ã¡ã‚‡ã£ã¨ãƒªã‚­ãƒ¥ãƒ¼ãƒ«æ„ŸãŒå¼·ã„ã‘ã©å‘³ã«ã¯ã‚¯ã‚»ã‚‚é›‘å‘³ã‚‚ãªãã¦ã€é£²ã¿ã‚„ã™ã‹ã£ãŸã§ã™ã€‚
ãƒªãƒ‹ãƒ¥ãƒ¼ã‚¢ãƒ«å¾Œã®ã»ã†ãŒå¾Œå‘³ã‚¹ãƒƒã‚­ãƒªã—ãŸã‹ãªï¼Ÿã¨ã„ã†å°è±¡ã§ã™ã€‚
ã‚¢ãƒ«ã‚³ãƒ¼ãƒ«ã‚‚5%ã§ãƒ“ãƒ¼ãƒ«ã‚‰ã—ã„ç¨‹ã‚ˆã„æ„Ÿã˜ï¼
éº¦ã¨ãƒ›ãƒƒãƒ—ã ã‘ã§ä½™è¨ˆãªå‘³ãŒã—ãªã„ã®ã§ã©ã‚“ãªé£Ÿäº‹ã«ã‚‚ãƒ”ãƒƒã‚¿ãƒªã ã—ã€ã˜ã£ãã‚Šéº¦ã®æ—¨ã¿ã‚’å‘³ã‚ã†ã®ã«ã‚‚ãŠé¢¨å‘‚ã‚ãŒã‚Šã«ã‚°ãƒ“ãƒƒã¨é£²ã‚“ã˜ã‚ƒã†ã®ã«ã‚‚ã„ã„ã§ã™ã­ã€‚
ã¾ãŸé£²ã¿ãŸã„ãªã£ã¦æ€ã„ã¾ã™ã€‚
",,æ¯Žæ—¥é£²ã‚“ã§ã„ã¾ã™ã€‚ãƒ“ãƒ¼ãƒ«ã«è¿‘ã„å‘³ã‚ã„ã§ã™ã€‚è‹¦å‘³ã‚’ãã¡ã‚“ã¨æ„Ÿã˜ã¾ã™ã€‚ã‚±ãƒ¼ã‚¹ã«æ™¯å“ãŒä»˜ã„ã¦ã„ã‚‹ã“ã¨ãŒå¤šã€…ã‚ã‚Šã€ãã‚Œã‚‚æ¥½ã—ã¿ã§ã™ã€‚,,ãƒ“ãƒ¼ãƒ«è‡ªä½“ã‚ã¾ã‚Šå¥½ãã§ã¯ãªãç™ºæ³¡é…’ã‚‚ã»ã¨ã‚“ã©é£²ã¾ãªã„ã®ã§ã™ãŒã€å®¶æ—ã«å‹§ã‚ã‚‰ã‚Œé£²ã‚“ã§ã¿ã¾ã—ãŸã€‚ãƒ“ãƒ¼ãƒ«å¥½ãã§ã¯ãªã„ã‹ã‚‰ã‹ã€ãƒ“ãƒ¼ãƒ«ã¨ã®é•ã„ãŒåˆ†ã‹ã‚Šã¾ã›ã‚“ã€‚ã“ã‚Œã§å…¨ãå•é¡Œãªãé£²ã‚ã¾ã™ã€‚ã‚ã¾ã‚Šè‹¦ã¿ã‚‚ãªãã‚­ãƒ¬ã‚‚ãªã„ã§ã™ãŒã€ã¨ã¦ã‚‚é£²ã¿ã‚„ã™ã„ã§ã™ã€‚,,ä»Šå›žã€ãƒªãƒ‹ãƒ¥ãƒ¼ã‚¢ãƒ«ã¨ã„ã†ã“ã¨ã§ä¹…ã€…ã«è²·ã£ã¦ã¿ã¾ã—ãŸãŒã€é¦™ã‚ŠãŒè‰¯ãã€å£ã®ä¸­ã«åºƒãŒã‚Šé£²ã¿ã”ãŸãˆã¯ã‚ã‚Šã¾ã™ãŒã€ç§ã¯é»’ãƒ“ãƒ¼ãƒ«æ´¾ãªã®ã§è‹¦å‘³ãŒã‚‚ã†å°‘ã—å¼·ã„ã¨ã„ã„ã‹ãªã¨æ€ã„ã¾ã—ãŸã€‚ãŸã ã€é€±æœ«ã®ä¸€æ¯ã¯æ ¼åˆ¥ã§ã™ï¼,,"éº¦ã®é¦™ã°ã—ã„é¦™ã‚ŠãŒã—ã¾ã™ã€‚
ã‚¹ãƒƒã‚­ãƒªã¨ã—ãŸé£²ã¿å£ã§ã€ã‚­ãƒ¬ãŒã‚ã‚Šã€
å¾Œå‘³ãŒã»ã‚è‹¦ã„ã€‚
ã€Œéº¦ã¨ãƒ›ãƒƒãƒ—ã€ã®åŽŸç‚¹ã«è¿”ã£ãŸæ„Ÿã˜ã¯ã—ã¾ã™ãŒã€
ã€Œéº¦ã¨ãƒ›ãƒƒãƒ—The goldã€ä»¥å‰ã®ã€Œéº¦ã¨ãƒ›ãƒƒãƒ—ã€ã¨ã¯
ã¾ãŸé•ã„ã¾ã™ã­ã€‚
ã§ã‚‚ã€ã€Œéº¦ã¨ãƒ›ãƒƒãƒ—The goldã€ã‚ˆã‚Šã¯é£²ã¿ã‚„ã™ãã¦ã€
è‹¦å‘³ã‚‚å¼·ããªã„ã®ã§å¥½ãã§ã™ã€‚",,ã ã‚“ã ã‚“ã¨æš–ã‹ããªã‚‹ã©ã€ãƒ“ãƒ¼ãƒ«ã¯ã‹ã‹ã›ã¾ã›ã‚“ã€‚ã‚‚ã£ã±ã‚‰ã€ç¬¬ä¸‰ã®ãƒ“ãƒ¼ãƒ«ã‚’ã„ã‚ã„ã‚ã¨ã®ã‚“ã§ã„ã¾ã™ãŒã€ã“ã¡ã‚‰ã®éº¦ã¨ãƒ›ãƒƒãƒ—ã¯ã‘ã£ã“ã†ãªè‹¦å‘³ãŒãã„ã¦ã¾ã™ã€‚,,"ãªã‚“ã‹ãƒªãƒ‹ãƒ¥ãƒ¼ã‚¢ãƒ«ã—ãŸã‚‰ã—ã„ã§ã™ãŒã€å‰ã«é£²ã‚“ã ã¨ãã‚ˆã‚Šã‚‚é¢¨å‘³ã‚„å‘³ãŒå¾®å¦™ã«æ„Ÿã˜ã‚‰ã‚Œã¾ã—ãŸã€‚
ã‚¨ã‚°ã•ã¨ã„ã†ã‹ã€å¤‰ãªã‚¯ã‚»ãŒã‚ã‚‹ã‚ˆã†ãªã€‚é¦™ã‚Šã‚‚ã‚ˆããªã„ã§ã™ã­ã€‚ã‚³ã‚¯ã‚‚ãªã„ã§ã™ã€‚
è‹¦å‘³ã¯å¼±ãã€ãã‚Œã ã‘ãªã‚‰ã¾ã‚é£²ã¿ã‚„ã™ã„ã®ã§ã™ãŒã€ç‰¹ã«ç¾Žå‘³ã—ãã¯ãªã„ã§ã™ã€‚",,æ–°ã—ã„éº¦ã¨ãƒ›ãƒƒãƒ—ã‚’é£²ã¿ã¾ã—ãŸã€‚ã‚³ã‚¯ã¨ã‚­ãƒ¬ãŒã—ã£ã‹ã‚Šã‚ã‚ŠãªãŒã‚‰è‹¦å‘³ã‚‚ã»ã©ã‚ˆãã‚ã‚Šã¾ã—ãŸã€‚ã™ã£ãã‚Šã¨ã—ã¦ã„ã¦ã”ãã”ãé£²ã‚ã¾ã—ãŸã€,,"æ–°ã—ããªã£ãŸéº¦ã¨ãƒ›ãƒƒãƒ—ã‚’è©¦ã—ã¾ã—ãŸã€‚ã‚·ãƒ³ãƒ—ãƒ«ã ã£ãŸãƒ‘ãƒƒã‚±ãƒ¼ã‚¸ãŒã¡ã‚‡ã£ã¨ãŠã—ã‚ƒã‚Œã«ãªã‚Šã¾ã—ãŸã€‚
è»½ãã¦ã”ãã”ãé£²ã‚ã¾ã™ãŒè‹¦å‘³ã‚‚ã»ã©ã‚ˆãã‚ã£ã¦ãƒ“ãƒ¼ãƒ«ã®ä»£ã‚ã‚Šã«ãªã‚Šã¾ã™ã€‚ä»¥å‰ã‹ã‚‰é£²ã‚“ã§ã„ã¾ã™ãŒã“ã‚Œã‹ã‚‰ã‚‚é£²ã‚€ã¨æ€ã„ã¾ã™ã€‚",,"ã‚¤ãƒ³ã‚¿ãƒ¼ãƒãƒƒãƒˆä¸Šã®ã‚¢ãƒ³ã‚±ãƒ¼ãƒˆã§å½“é¸ã—ãŸã®ã§ã€ã„ã¤ã‚‚é£²ã‚“ã§ã„ã‚‹é‡‘éº¦ã‹ã‚‰é›¢ã‚Œã¦ã€ä¹…ã—ã¶ã‚Šã«é£²ã¿ã¾ã—ãŸã€‚ç™ºæ³¡æ€§ã®ãƒªã‚­ãƒ¥ãƒ¼ãƒ«ãªã®ã§ã€ç‚­é…¸ã®é‡ã¯å¤šã‚ã§ã™ã€‚ç‚­é…¸ã®åˆºæ¿€ã®ä¸­ã«ãƒ›ãƒƒãƒ—ã®è‹¦ã¿ãŒæ„Ÿã˜ã‚‰ã‚Œã¾ã™ã€‚ã¨ã¦ã‚‚ç¾Žå‘³ã—ã‹ã£ãŸã§ã™ã€‚
",,"å¾“æ¥ã®éº¦ã¨ãƒ›ãƒƒãƒ—ã¨æ¯”ã¹ã‚‹ã¨ã€é¦™ã‚Šã‚„ã‚³ã‚¯ãŒå¢—ã—ãŸæ°—ãŒã—ã¾ã™ã€‚
ä½™éŸ»ãŒã‚ã¾ã‚Šãªã„äº‹ã‚’é™¤ã‘ã°ã€å…¨ä½“çš„ã«ãƒ“ãƒ¼ãƒ«ã«è¿‘ã¥ã„ã¦ãã¦ã‚‹å‘³ã ã¨æ€ã„ã¾ã™ã€‚ç¬¬ä¸‰ã®ãƒ“ãƒ¼ãƒ«ã®ä¸­ã§ã¯ä¸Šä½ã«å…¥ã‚‹å‘³ã§ã™ã€‚
",,,é€€ä¼šæ¸ˆãƒ¦ãƒ¼ã‚¶ãƒ¼ã§ã™,,,,,â€»ç‰¹å¾´ã¯2023å¹´4æœˆ19æ—¥ä»¥é™ã®ãƒ¬ãƒ“ãƒ¥ãƒ¼ã§ç®—å‡º,ã‚·ã‚§ã‚¢ãƒ“ãƒ¥ãƒ¼å…¬å¼ã‚¢ã‚«ã‚¦ãƒ³ãƒˆ,,ç™ºæ³¡é…’ãƒ»æ–°ã‚¸ãƒ£ãƒ³ãƒ«
